from_node,to_node,flow_kW,distance_km,cost
060014271003,060014073002,65822.543,1.464086095394026,96369.86996977539
060014271001,060014061002,57840.066,0.9269041224422849,53612.19561773384
060014061002,060014061001,56533.842,0.5716928753577216,32319.994687999126
060014273002,060014033022,53454.973,1.5945782553041654,85238.13758367127
060014061001,060014072004,32636.085,0.4350667164526125,14198.874338818361
060014072004,060014072003,27413.541,0.3318184409424881,9096.318435332976
060014072003,060014065003,24536.701,0.49556010727814176,12159.410179811688
060014073002,060014073001,23677.567,0.661922506178664,15672.71448885323
060019900000,060014090002,20222.756,3.272501911245167,66179.00766064467
060014073002,060014088002,18581.896,1.2502141309704933,23231.348959424085
060014287003,060019820001,17075.944,1.0871546091156847,18564.19122460132
060014033022,060014034011,15231.289,1.8495819662125663,28171.517456571833
060014033022,060014053021,14812.42,1.0391733660284834,15392.672350427629
060014065003,060014065002,14632.097,0.577486400955536,8449.837034962296
060014053021,060014053012,14110.404,0.33628450094848444,4745.110167321499
060014073002,060014090003,12538.24,1.4655699022574746,18375.66717128076
060014088002,060014089001,11056.896,0.8223883217647091,9093.062145366926
060014287002,060019819001,10953.076,1.3433749285036853,14714.08768839543
060014061001,060014072002,10505.816,0.6513641326921672,6843.111727063494
060014073001,060014075002,9775.2921,0.736088194970876,7195.477117202064
060014073001,060014087004,9331.3306,0.864097784174927,8063.182094863691
060014053012,060014053011,9173.7801,0.31265349412126925,2868.214402565167
060014072002,060014071023,9085.0161,0.5679035849712656,5159.413212711666
060014071023,060014071021,8379.1601,0.5628602848214096,4716.296440450191
060014053011,060014052004,8219.3401,0.5623732183405292,4622.336744672367
060014090002,060014324003,7683.552,1.8671024363168063,14345.97865876687
060014065002,060014066011,7644.4041,0.5938268456316909,4539.452373436964
060014034011,060014037011,7546.6004,0.31128359832932506,2349.1329276655238
060014052004,060014038003,7173.7721,0.48529295356124647,3481.3810505842657
060014271003,060014061003,7162.1761,1.2794230182858843,9163.452963357024
060014075002,060014075001,6945.8481,0.5707641617235116,3964.441168255346
060014066011,060014066014,6815.8121,0.4305075296456401,2934.2584296998625
060014011003,060014011002,6770.1277,0.4885629153927701,3307.6333266933493
060019820001,060014105001,6721.0681,1.2417365847287098,8345.79614822308
060014037011,060014035011,6714.5684,0.37241986442944297,2500.6386532302217
060014071021,060014070003,6607.6161,0.3724872623827656,2461.252831965286
060014065002,060014066012,6507.5329,0.5204789925711347,3387.034167915515
060014061001,060014062022,6453.4081,0.6330473005976803,4085.312577360205
060014033022,060014034021,6291.5441,0.8951681718499759,5631.990030110502
060014364022,060014351021,6235.06,0.43726495621306544,2726.373237885836
060014035011,060014035012,6193.1404,0.48415769869169833,2998.4566037385844
060014087004,060014087005,6150.4826,0.39986406791999296,2459.356992107135
060014507512,060014507501,6147.4442,0.968566441053371,5954.2081503681875
060014034011,060014037012,5940.8001,0.21086480554943057,1252.7056578945378
060014066014,060014068004,5915.0201,0.5367600992028123,3174.9467756626286
060014070003,060014070002,5858.5281,0.41604409431201794,2437.4060173660073
060014415031,060014415032,5605.2999,2.9082345553974287,16301.526862545752
060014034021,060014029002,5587.6401,0.37954899068769576,2120.783160281095
060014307002,060014302004,5562.6241,0.996839693050787,5545.044500400911
060014515052,060014515061,5450.7808,0.8199093618991392,4469.14620758008
060014038003,060014038004,5443.7881,0.567797344834044,3090.968429019165
060014033022,060014060003,5427.7881,0.749718061851057,4069.310774470231
060014065003,060014065001,5415.3161,0.6784879937918139,3674.2269564375097
060014403331,060014384002,5380.5489,1.150685021584624,6191.317027133625
060014061003,060014061004,5379.7281,0.7403112349626605,3982.673153474327
060014087005,060014087002,5357.9705,0.6836365039653248,3662.904220969344
060014442001,060014441003,5333.2653,0.6758982055519346,3604.7444460024
060014442002,060014443011,5309.344,0.5018660852574323,2664.5796885650366
060014066012,060014066013,5292.4929,0.5017171730452864,2655.3345761502496
060014068004,060014068002,5278.668,0.49935189223346976,2635.912854272265
060014415253,060014415032,5251.468,2.6376302476016744,13851.43084111227
060014037012,060014036002,5179.2961,0.32904883069152946,1704.2413255101987
060014501022,060014507512,5052.3163,0.9902928203077239,5003.272557813685
060014029002,060014029001,4985.9281,0.3548565961163588,1769.2894740469042
060014501011,060014507432,4904.0161,1.2546650055230666,6152.897387191707
060014033022,060014033012,4885.3761,0.5199356783562709,2540.081336579013
060014089001,060014095001,4864.0001,0.427417646713098,2078.9594763542736
060014361002,060014362002,4785.3761,0.6118434310896694,2927.9009320785012
060014061001,060014072001,4726.896,0.8304538988039186,3925.4692124406474
060014035012,060014035013,4680.9804,0.37011768396383066,1732.5136243280858
060014062022,060014062021,4651.4641,0.3591695926049218,1670.6644658134194
060014229011,060014229012,4618.3282,0.19666959076857152,908.2847171289535
060014403051,060014403043,4572.328,0.6366278434071614,2910.8713139901797
060014251042,060014251041,4565.6401,0.6063379811015265,2768.321000670171
060014033012,060014030002,4564.576,0.36163554026288947,1650.712907831019
060019820001,060014026001,4510.404,1.6323617473855019,7362.610954854558
060014332001,060014333001,4422.5064,0.5533199009673898,2447.0608032756477
060014324002,060014334001,4404.5338,0.9567570651646562,4214.068831906531
060014371013,060014371022,4396.6321,0.5629893200647547,2475.2569165538744
060014512011,060014512012,4395.328,0.9928857276311653,4364.058439457635
060014036002,060014036003,4395.2321,0.3562660415632375,1565.8719420186756
060014103003,060014093001,4391.8742,0.4921489244123794,2161.456163684479
060014353001,060014353002,4356.4161,0.43231463831808453,1883.3424506345805
060014403341,060014403332,4356.2561,0.8837659636891797,3849.910870293367
060014066013,060014067003,4354.8609,0.43043048504314146,1874.4648894824115
060014087002,060014086001,4335.4105,0.5580906677384806,2419.55214086542
060014403013,060014403014,4311.86,0.9673771604667949,4171.194883130354
060014327002,060014327003,4296.1679,0.402678738161295,1729.9754689010608
060014061004,060014059011,4290.024,0.7919607067760719,3397.530439126311
060014053012,060014053013,4288.5601,0.2234481209687077,958.2706960063731
060014442003,060014415242,4274.9692,1.2694089716696764,5426.684256091538
060014068002,060014068001,4252.092,0.46047493986111726,1957.9818079839376
060014105001,060014024002,4231.1601,0.720230090516165,3047.408821811386
060014446012,060014427003,4213.0961,0.6144993058318741,2588.9446288529757
060014072004,060014062023,4198.0001,0.5489991644238608,2304.698547151284
060014090003,060014090001,4189.032,1.7344046411314376,7265.476542648108
060014235003,060014236012,4158.1673,0.7231442590919148,3006.954811338728
060014430022,060014430023,4137.745,0.5426348988100237,2245.2848393766812
060014507451,060014507441,4117.1159,0.9163749193595718,3772.821750856511
060014070002,060014070001,4116.2561,0.3987724357487733,1641.449471162746
060014035013,060014040002,4083.1564,0.30518109332426785,1246.1021343659816
060014446021,060014428001,4048.512,0.8598276285670459,3481.0224721852283
060019819001,060014017003,4018.612,2.396985984614936,9632.556641605399
060014062021,060014062011,4015.08,0.4203850223037857,1687.879495351484
060014358004,060014336002,3997.0905,0.7273574728575652,2907.3136448629816
060014068001,060014080002,3983.452,0.7718232617526785,3074.5209156752308
060014053013,060014052002,3977.8721,0.35510976980311126,1412.5812457372188
060014251023,060014251021,3976.42,0.5561327744590319,2211.4174870143834
060014024002,060014024001,3900.5041,0.3489901980185782,1361.2376982312762
060014433211,060014433212,3863.3921,0.49799552401308605,1923.951973307517
060014516024,060014516023,3843.9758,0.7426728962659336,2854.816640562159
060014065001,060014066022,3837.9401,0.36501310292307787,1400.8984247339076
060014378003,060014375002,3825.3684,0.47989944905630955,1835.7921875974164
060014235003,060014239012,3777.08,0.39368041659707975,1486.962427920498
060014060003,060014053022,3733.4201,0.42106504202200035,1572.0126912922806
060014038004,060014262002,3698.4761,0.7932400077652241,2933.7792102834956
060014011002,060014012001,3659.8477,0.7040720890956625,2576.7966159109556
060014065003,060014065004,3638.5361,0.3812859652832141,1387.3227491063212
060014443011,060014443012,3636.344,0.6832624874278536,2484.5774465833506
060014373001,060014370001,3621.0721,0.723898848602742,2621.289923897513
060014088002,060014089002,3607.0721,0.6929725642738903,2499.602002657806
060014446022,060014446021,3603.8857,1.6890336498212344,6087.084217409554
060014381002,060014381001,3576.8839,0.5652883203069909,2021.9706917641188
060014309001,060014308004,3560.152,0.8051700578336,2866.5277917364065
060014446022,060014446011,3552.4296,2.079951441714636,7388.8810681097475
060014403051,060014403052,3552.1431,0.2792112240195674,991.7982228436605
060014301011,060014352001,3510.168,1.0092762487362656,3542.7291914740804
060014030002,060014030003,3478.432,0.28267400128478665,983.262291637043
060014052002,060014052001,3469.1121,0.6781345658132746,2352.524827691077
060014513003,060014513001,3460.696,2.2711167734509483,7859.644733414603
060014075001,060014077001,3436.728,0.5257832672703002,1806.9740765593244
060014324001,060014325013,3419.7741,0.8770088823353802,2999.172261280481
060014072001,060014076005,3418.288,0.6743724313804316,2305.1991897185526
060014024001,060014016002,3414.5281,0.2796785968364619,954.9704278666703
060014310002,060014310001,3407.1041,0.9810866206230123,3342.66424757981
060014093001,060014093002,3405.6342,0.47353728642316584,1612.6947776179293
060014415031,060014433222,3404.12,1.0252923496518578,3490.218193296882
060014358004,060014358001,3351.8693,1.019710816502049,3417.937380711151
060014089001,060014096005,3298.688,1.1300039352718048,3727.530421233879
060014026001,060014027001,3293.012,0.7194784706107445,2369.251237462829
060014441003,060014441001,3291.224,0.5553749558149479,1827.863383577096
060014075001,060014087001,3287.7441,0.8585777228762662,2822.7838427778793
060014501021,060014502002,3219.7481,1.8868754709920774,6075.263712663346
060014514044,060014514031,3214.0401,0.6585721196099409,2116.6772011683465
060014202003,060014202002,3211.328,0.248651572366802,798.5017565855375
060014415253,060014415252,3181.6878,1.5917147978666029,5064.339553451637
060014229012,060014229021,3178.1202,0.3181992153338123,1011.2753538765386
060014515041,060014514012,3164.1841,2.336374458455706,7392.718913091656
060014073001,060014088004,3159.584,0.5416741148851377,1711.4648666052428
060014309001,060014308001,3110.6,0.8585287212806523,2670.539440415597
060014427003,060014427002,3103.48,0.48952144614077564,1519.2200176689744
060014066022,060014066021,3101.94,0.4051155626609202,1256.644168440415
060014012001,060014003002,3099.6237,0.533641356558948,1654.0873960902657
060014431052,060014431051,3098.5839,1.149792224284148,3562.7276745120503
060014442002,060014444003,3083.16,0.9509222843526441,2931.8455502246984
060014309003,060014306002,3064.2514,0.436286508229335,1336.8915436428513
060014403341,060014403312,3047.0567,0.9291414389417958,2831.14664677524
060014382032,060014382041,3046.776,0.3222687888691594,981.880811475622
060014217001,060014214002,3043.572,0.4690873282932981,1427.7010579482899
060014302004,060014302005,3029.88,0.6279742605864311,1902.686652665616
060014507512,060014501012,3013.848,1.5363892257205627,4630.443595159466
060014202003,060014205001,3006.5279,0.5070715848375061,1524.5248671111792
060014045024,060014044002,3006.4368,1.323307730773489,3978.44105952191
060014337001,060014340001,2981.344,0.5857567006851487,1746.3422250474641
060014053022,060014054011,2970.988,0.423161840049734,1257.208748845679
060014365002,060014365003,2958.376,0.660742312282682,1954.7241988415917
060014403081,060014403084,2950.6,0.5385123461170112,1588.934528452853
060014507411,060014507412,2944.6759,0.6412989671373875,1888.4176132243572
060014307002,060014303002,2938.2721,0.7015150632453149,2061.242138063444
060014251021,060014220001,2937.02,1.5516246649671377,4557.152673501782
060014095001,060014094002,2929.6761,0.7416272983801576,2172.7277711719166
060014378003,060014378001,2912.1163,0.7899411930592811,2300.4006243493795
060014507411,060014507461,2904.804,1.0833308836024682,3146.8638840119843
060014062023,060014063002,2899.824,0.6013761561563116,1743.88501064982
060014416021,060014416012,2868.76,0.6253324609009377,1793.9287505341742
060014507521,060014507511,2831.376,1.7415188239390291,4930.894601649193
060014442003,060014441004,2820.5668,0.7546316510923203,2128.4889813001823
060014419245,060014419242,2817.2484,0.5077686110125907,1430.5103069454435
060014202002,060014201001,2817.088,0.3418914243981614,963.1382289749678
060014065004,060014064001,2811.4321,0.69582260321988,1956.258002597934
060014251023,060014251031,2808.2601,0.32629030185736596,916.3080357229967
060019820001,060019832001,2806.648,1.4480108778784815,4064.0568343758846
060014077001,060014078002,2792.312,0.8983542249564789,2508.4852825966755
060014331021,060014331032,2784.12,0.8848383972769663,2463.4962786267474
060014371013,060014371023,2783.6399,0.5810733065075878,1617.498840819451
060014338012,060014305001,2783.2961,0.9238116263969915,2571.2412968854037
060014027001,060014014003,2772.968,0.7978327889759298,2212.364793181006
060014419245,060014419241,2769.1996,0.652328505457527,1806.4278363815815
060014088002,060014088001,2764.84,0.6486004676881401,1793.2765170828773
060014067003,060014067004,2761.7089,0.46594087808822415,1286.7930698900636
060014512012,060014512021,2753.024,3.4720786887044985,9558.715959892013
060014433211,060014415251,2751.1039,1.131419365882249,3112.652230014182
060014033022,060014060002,2743.672,1.1754747320111996,3225.1171089266318
060014419212,060014419271,2721.376,0.5507819550297439,1498.8847936510244
060014442001,060014444002,2700.3827,0.6783183294126739,1831.7190818388858
060014087004,060014087003,2677.904,0.43338827144687153,1160.572185660663
060014365002,060014351022,2670.2481,1.1179043125497288,2985.0818665677193
060014514044,060014514042,2668.6841,0.49893567139686684,1331.5016931796433
060014338012,060014339001,2651.0519,0.586789411563269,1555.6091844246862
060014332001,060014332002,2640.1017,0.6153189517404286,1624.5046105321237
060014262002,060014262001,2636.556,0.5886351279822573,1551.9694784923884
060014507411,060014507421,2626.616,0.9792585230081762,2572.136104669644
060014103003,060014104003,2622.6778,0.7050608652892977,1849.1474790430316
060014087001,060014082003,2621.2801,0.5248761250375563,1375.847341526058
060014359001,060014336003,2614.9159,0.3869937174400736,1011.9560249341557
060014366012,060014365001,2612.4559,0.3753771762446641,980.6563188057125
060014351021,060014351023,2595.46,0.7672237701113772,1991.298606373275
060014011002,060014011001,2594.44,0.5628529735840492,1460.2882687854005
060014365002,060014379002,2583.5119,1.2866534729302395,3324.0845584916015
060014358001,060014357003,2582.08,0.46678870089727437,1205.2857688128342
060014064001,060014049002,2570.8881,0.7738233918884214,1989.4133497075793
060014202003,060014203021,2570.272,0.2813615264506452,723.1756533133528
060014240011,060014233002,2561.404,0.8081341454732868,2069.958032751859
060014239012,060014239022,2558.424,0.43919446489900443,1123.6456596647706
060014501021,060014502003,2554.0402,1.8792619550635323,4799.710579562855
060014504003,060014504002,2547.976,1.13678598787055,2896.5034142304526
060014059011,060014059013,2537.136,0.22977077922609768,582.9597157225845
060014505022,060014506012,2530.1999,2.692030350470575,6811.374923557614
060014240011,060014234004,2513.824,0.25572382623009693,642.8446917490472
060014515052,060014515051,2510.5681,0.6144741663017871,1542.6792401913615
060014430022,060014429002,2506.6505,0.7382294317056437,1850.4831740996678
060014507512,060014507502,2505.088,0.8012196173275052,2007.1256487317255
060014045024,060014045022,2497.28,0.6550117630731157,1635.7477756872306
060014415223,060014415221,2494.129,0.8210227886884883,2047.7367469288306
060014403371,060014402001,2486.128,0.9962322611983558,2476.760919068546
060014282002,060014283014,2480.948,2.1919159025162283,5438.0293745158315
060014368001,060014368002,2468.9599,0.5090403383539296,1256.800182878284
060014507501,060014507442,2464.96,0.8966505681027529,2210.2077843505617
060014515061,060014515012,2459.504,1.3504530569198463,3321.4446953065894
060014361003,060014361001,2457.8881,0.49612547751477976,1219.4209072903948
060014067004,060014067001,2454.1889,0.5514947527782089,1353.4723006765246
060014337001,060014356021,2446.896,0.41073402056435365,1005.0234319828347
060014353001,060014364033,2440.936,0.5819274286873547,1420.4476100703969
060014506071,060014506082,2426.36,1.4462666230682604,3509.1634835479044
060014416021,060014413021,2423.0479,1.0489782815888349,2541.724622349435
060014370001,060014370003,2420.696,0.5523473342933776,1337.064982734642
060014446021,060014429004,2416.2455,1.2485535036084627,3016.811784603182
060014506034,060014506091,2415.344,1.288162996356984,3111.3567642728635
060014324002,060014333002,2409.6942,1.5331229447595147,3694.357467873923
060014099001,060014081002,2408.0375,1.2467317932008561,3002.1769104699065
060014016002,060014016001,2402.3681,0.28828393928902857,692.564139490299
060014354002,060014354001,2381.2801,0.5452820877375587,1298.4693844159026
060014381002,060014380001,2375.012,1.170002534107373,2778.7700585354205
060014251041,060014009002,2357.888,0.4613226074909996,1087.7470403317382
060014417011,060014426023,2351.448,0.8343445609594964,1961.9178491790858
060014517032,060014511022,2326.5119,2.083147791844214,4846.4681271842865
060014515031,060014514013,2318.856,1.4620681415688723,3390.3254824858295
060014365003,060014364031,2314.6,0.47261770592624974,1093.9209421368976
060014036003,060014039003,2312.96,0.28608413535370586,661.7011617077076
060014088001,060014085005,2304.04,0.7598237335955181,1750.6642751534175
060014217001,060014214001,2303.008,0.616938521426304,1420.8143503529495
060014372004,060014372005,2282.624,0.8229021493496725,1878.3761957571467
060014089002,060014085004,2279.136,0.8569154657681956,1953.0268869890622
060014433222,060014433011,2247.352,0.5091529645005353,1144.245933076207
060014220002,060014221001,2243.856,0.40880237168128275,917.2936545112765
060014381002,060014381003,2238.92,0.3732733685946359,835.7292104139023
060014373001,060014374002,2228.576,0.6737588347749378,1501.5227689673918
060014099001,060014099002,2221.1464,0.994165303011474,2208.1866837888447
060014308004,060014308003,2219.4479,0.8263924420542587,1834.1349700931962
060014371022,060014383003,2219.216,0.5640608288410895,1251.7728163374072
060014354002,060014354003,2215.84,0.3921651344194927,868.9751914520888
060014044002,060014044001,2205.7968,1.2672167465710833,2795.2226444929065
060014102001,060014101002,2202.0297,0.8347333556445798,1838.1076407100275
060014201001,060014201002,2184.224,0.40008459388712225,873.8743719985058
060014052001,060014050003,2178.7441,0.494866311516835,1078.1870565060663
060014029001,060014013003,2176.5761,0.8391375295664474,1826.4466914673728
060014262001,060014042003,2173.676,0.8040095184787721,1747.6561940888635
060014309003,060014306004,2173.472,0.766955502724626,1666.9563104178985
060014089001,060014095002,2169.1201,0.736113633545593,1596.71887840778
060014073002,060014074002,2167.744,1.3506867694865525,2927.9431404338575
060014093002,060014323003,2163.6182,1.0131577738826687,2192.0865990440266
060014251042,060014251044,2161.0761,0.7958852214917251,1719.9685305089738
060014361003,060014358001,2159.6035,0.6728756586760283,1453.1446275415562
060014331021,060014331031,2157.464,1.0630853544397834,2293.568381131073
060014076005,060014076002,2152.096,0.5403384110624405,1162.860133093834
060014403312,060014403311,2150.8007,0.7733092330497497,1663.2340397598648
060014220002,060014221002,2137.3078,0.7311950133953247,1562.788805450932
060014099001,060014081004,2126.836,1.4146701372634456,3008.771376056837
060014040002,060014041022,2124.2404,0.29460267388179034,625.8069018077239
060014415223,060014403342,2116.736,0.780405479762253,1651.9123736100323
060014072003,060014071011,2111.336,0.4444590859802019,938.4024687570954
060014301011,060014301012,2110.24,1.7221247590452589,3634.0965515276666
060014011003,060014011004,2100.7363,0.8017351163376281,1684.2340618751784
060014102001,060014102002,2099.456,0.6697603343159627,1406.132352441654
060014403081,060014403082,2093.3238,0.7964248913811098,1667.1751800404923
060014233002,060014233001,2091.324,0.40221351036232467,841.1587673449783
060014417011,060014417022,2084.16,1.5447993824459398,3219.60908091853
060014364022,060014364021,2069.9,0.937815758358268,1941.184838225779
060014082003,060014082001,2063.456,0.3647545264931378,752.6549162194242
060014414013,060014415211,2061.576,0.5284534149188501,1089.4468773147435
060014506071,060014506073,2059.0081,1.3186775131850172,2715.1676809358073
060014363011,060014363012,2056.96,0.7378015961659721,1517.6283712495579
060014073002,060014074001,2053.584,1.3747954511991658,2823.2579418553873
060014517032,060014517031,2052.768,0.9551271498603041,1960.6544491644368
060014060002,060014054021,2052.088,0.40137688221930373,823.6606834796467
060014419212,060014419282,2051.712,0.9011019212945365,1848.801625143056
060014506041,060014506043,2050.624,0.8239272314570761,1689.564955079435
060014430023,060014423013,2042.096,1.0749390138147825,2195.128660355112
060014501011,060014503002,2027.6998,1.5877517920954216,3219.4839912815282
060019821001,060014228001,2019.9198,0.773580437746113,1562.570443096041
060014403371,060014403381,2019.2,0.5571638931357954,1125.0253330197982
060014516024,060014517043,1995.136,0.7429503589162201,1482.2870072866717
060014310002,060014312003,1992.56,0.7114506047200526,1417.608016940988
060014302005,060014301021,1989.624,5.873595697449822,11686.246965942904
060014251042,060014010006,1984.1838,0.411439301451289,816.3711966229641
060014382032,060014382013,1984.0112,0.5968112974630424,1184.0802984532077
060014049002,060014049001,1981.96,0.688114489903618,1363.8153944093747
060014419212,060014419211,1961.504,0.5563235168988088,1091.2308036910808
060014424002,060014423021,1957.44,1.1826898443958094,2315.044409014133
060014515031,060014516011,1950.2956,1.8581071276948404,3623.8581554718853
060014324001,060014325021,1933.696,0.9320926723173204,1802.3838720893132
060014403371,060014412004,1911.84,1.4363372012952023,2746.0469149242194
060014309003,060014307003,1910.8642,0.8140895282228882,1555.6145350760066
060014333001,060014333005,1907.4743,0.6489798792792238,1237.912440942222
060014507412,060014507413,1905.4759,0.5891451463056918,1122.6018778874698
060014229011,060014229022,1904.5162,0.5060368080159124,963.7552986625951
060014030003,060014028011,1901.376,0.7177068612658615,1364.6306010462386
060014090003,060014092002,1890.208,3.0710688855249098,5804.9589759702685
060014512011,060014512014,1890.08,0.7442383218994497,1406.669967455712
060014033022,060014060001,1883.912,0.7378972224453026,1390.133432131375
060014063002,060014064002,1882.464,0.8055052368635592,1516.3346102071232
060014236012,060014238003,1882.0353,0.858933817853788,1616.5437655645992
060014443042,060014415034,1880.224,3.0085223394456846,5656.695907161923
060014366012,060014363023,1855.8561,0.8033665246680827,1490.9326653410617
060014217001,060014217002,1851.9479,0.30565632064888737,566.0595811474336
060014310002,060014312001,1842.3082,0.9036381607183609,1664.779993324354
060014422002,060014421003,1833.12,1.3475907534202565,2470.29556190974
060014309003,060014306003,1825.472,1.1378859386310518,2077.1789201647034
060014431051,060014422004,1818.7759,0.8117043978112225,1476.3083966630643
060014430022,060014430021,1818.072,0.412562735288675,750.0687572717519
060014361001,060014360003,1814.528,0.9113717838838664,1653.7096202672244
060014088004,060014088003,1811.2,0.4910790974163324,889.4424612404612
060014327003,060014326021,1808.376,0.5093605820745751,921.1154519696919
060014363011,060014363021,1805.392,0.7052600364087841,1273.2708276521275
060014363011,060014356012,1800.128,0.764440316274652,1376.0904176548568
060014234004,060014234003,1799.968,0.3058379956601765,550.4986053724566
060014416021,060014416022,1795.072,0.5321782462497342,955.2982688520028
060014332004,060014331041,1794.208,0.8024811451445244,1439.8180904674668
060014514044,060014516021,1789.7074,1.0512836388669022,1881.4901079790225
060014240011,060014239011,1777.7879,0.5287435161869739,939.9938252806563
060014433212,060014431023,1758.88,1.1671954953297712,2052.9568128256283
060014041022,060014041012,1748.6244,0.24481851598699722,428.0956306266534
060014067001,060014046004,1747.2129,1.3617786308763717,2379.317190811535
060014070001,060014069003,1739.576,0.43325788746687566,753.6850228480777
060014205001,060014206003,1733.376,0.4643526473567539,804.8977344646606
060014412001,060014412002,1730.88,0.7331540054784567,1269.001605002551
060014507521,060014507522,1728.224,2.6332678679022985,4550.876727737582
060014240011,060014240012,1725.704,0.1783331490180404,307.7502285930284
060014362002,060014369004,1725.6,0.6150092698579462,1061.259996066872
060014359001,060014359003,1704.44,1.317447804463162,2245.5107358391915
060014444003,060014443041,1699.616,0.788295483394162,1339.799616304452
060014366012,060014366013,1695.912,0.7545945590361279,1279.7259678040778
060014512011,060014511042,1692.992,1.3725084769339464,2323.645871381356
060014412001,060014412005,1689.7803,2.06185551133525,3484.0828245007324
060014412001,060014412003,1688.92,1.1739216964618586,1982.6598315883623
060014506071,060014506072,1687.528,1.3737194837227353,2318.1900929276603
060014426023,060014426021,1678.136,0.35519671271138337,596.06839068263
060014417011,060014417021,1676.744,0.7766932437166113,1302.3157362423656
060014515061,060014515013,1676.1088,1.5098659974311717,2530.6996851151644
060014504002,060014504001,1667.08,0.7226802412081796,1204.765776513332
060014078002,060014081005,1660.136,1.3905093636510293,2308.434652934165
060014431052,060014431033,1652.208,2.648191152012644,4375.362606884507
060014403052,060014415012,1651.744,1.220049734305629,2015.2098283409166
060014517032,060014507423,1650.368,2.0897882227266353,3448.9196095649118
060014515031,060014515032,1648.8,0.4481518868719334,738.9128310744438
060014045022,060014045021,1646.304,0.6317169178978459,1039.9980888028954
060014502003,060014503001,1636.768,1.0421175440621124,1705.7046483594556
060014016001,060014015003,1636.192,0.28009426378058944,458.2879936436902
060014403014,060014381005,1630.044,1.3278953304519767,2164.527816031262
060014415223,060014415222,1618.319,0.6923446497374367,1120.4345012184388
060014506082,060014506013,1616.184,1.1792734916414325,1905.9229488150168
060014102001,060014104001,1609.9943,0.6432400535652285,1035.6128197717126
060014075002,060014075003,1605.472,0.4009248927963533,643.6736894875469
060014351021,060014351034,1601.112,3.3373153756497382,5343.415695737304
060014433211,060014433221,1597.536,0.6379414372031663,1019.1344118237976
060014066021,060014048001,1596.148,0.7000087024084266,1117.3174903318052
060014516024,060014511021,1592.2081,0.7419533915150589,1181.344199792748
060014010006,060014010003,1591.3838,0.3533771782922613,562.3587168240163
060014403081,060014403362,1589.2401,1.478882858434585,2350.2999418268655
060014431052,060014431031,1588.032,1.1725773939665212,1862.0904240954424
060014506041,060014506061,1584.544,1.4836705629660756,2350.9412885245174
060014081004,060014081001,1580.5,1.5685923742465548,2479.16024749668
060014306004,060014306001,1576.672,1.0100040478341341,1592.44510210674
060019832001,060014031002,1567.928,0.5706229581153182,894.6957134718347
060014414013,060014414012,1565.952,1.0354087135039751,1621.4003457289768
060014424002,060014423023,1564.5761,0.6667400996237874,1043.165624782997
060014506034,060014506032,1564.56,1.2398431580553166,1939.8090113670262
060014354002,060014312002,1562.072,0.9107803166667001,1422.7044308161855
060014412001,060014411002,1550.04,1.7751003616416543,2751.4765645590296
060014422002,060014420002,1548.664,0.8467793993082581,1311.3767716503241
060014251023,060014251011,1547.72,0.44484601146930663,688.4970688712752
060014307003,060014307001,1547.64,0.4896620664902181,757.8206005829212
060014419234,060014425022,1546.784,0.8820095345813037,1364.2782359378073
060014364031,060014364032,1546.28,0.3188904653978029,493.0939488353147
060014359001,060014335004,1545.632,0.7733696494409071,1195.3448780046483
060014327002,060014327001,1538.368,0.5489316834728012,844.4589360406862
060014514042,060014514041,1535.6441,0.5028320291336609,772.1710388301344
060014364033,060014364041,1524.256,0.5518048068192521,841.091787623086
060014352001,060014352002,1523.808,1.0650557738798738,1622.9405086843428
060014354002,060014355002,1521.68,0.8950534088214497,1361.9848711354236
060014099001,060014099003,1520.832,1.3112117579862737,1994.1328003217807
060014504003,060014503003,1515.6718,1.0571999968045624,1602.3682221167655
060014104003,060014322001,1511.808,0.778763110703178,1177.3403008659502
060014514031,060014514011,1501.752,0.6066411640085907,911.0245813322291
060014306002,060014305002,1498.976,0.9499802392073842,1423.997579046128
060014378003,060014377011,1487.9233,1.0851885544788091,1614.6773351023394
060014062011,060014063004,1485.056,0.39761191638675947,590.4759621016555
060014507451,060014507453,1478.516,0.7178804745141203,1061.3977676567192
060014506041,060014507434,1466.4479,1.1165532431226899,1637.3671586154578
060014506043,060014506051,1465.024,1.1298461572762002,1655.2517367174078
060014062011,060014058001,1464.104,0.5817645733383224,851.7638388829313
060014433011,060014433013,1463.392,0.5847951077385759,855.7844823037701
060014337001,060014356024,1461.632,0.8354424209739318,1221.10937665297
060014308001,060014302003,1458.344,0.4671037056215176,681.1978864709065
060014361003,060014360002,1448.408,1.1715564742464386,1696.8917697503355
060014384002,060014382012,1443.3968,0.8888111824061073,1282.9072164891916
060014358001,060014357002,1431.5328,0.5772774876491616,826.3916582713698
060014506034,060014506093,1431.028,1.5709156084033038,2248.024221262163
060014412002,060014413011,1430.36,1.0570700625533311,1511.9907346737825
060014087003,060014086002,1428.008,0.575286043045126,821.5130717567843
060014327002,060014330001,1420.32,0.6665977370920653,946.7820979466021
060019821001,060014001001,1416.24,1.8923984470838942,2680.090376698094
060014403043,060014403321,1414.336,1.0744916519875627,1519.6922251054814
060014403371,060014401001,1408.192,3.6099305280475598,5083.475290152349
060014201002,060014213001,1407.936,0.5856095439087883,824.5007588127637
060014094002,060014093003,1403.672,0.833581000130518,1170.0743096152044
060014217002,060014217003,1401.1959,0.20180617863291556,282.7699900951089
060014229011,060014236021,1399.6875,0.4779354698770302,668.9603029935057
060014217001,060014218001,1397.12,0.5843814652226322,816.4510326918439
060014095002,060014095003,1383.4881,0.3224303963432524,446.0786164191732
060014371023,060014373003,1377.4679,0.5690330977555723,783.824826195863
060014415242,060014415241,1377.344,0.8143770237119506,1121.677307347513
060014102002,060014102003,1374.336,0.3936208447822867,540.9672973347087
060014382041,060014382042,1373.528,0.760608106079617,1044.7165307273242
060014009002,060014008003,1368.896,0.5096959517570008,697.7207495763513
060014517032,060014517042,1368.16,0.9123173003658138,1248.196037668492
060014419245,060014419244,1366.448,0.3558392303575075,486.2358046435554
060014071021,060014070004,1365.12,0.4538516361866163,619.5619455910736
060014372004,060014372002,1362.388,0.6252415199803025,851.8215439229243
060014507451,060014506042,1362.168,1.471016277503507,2003.7713006943968
060014505022,060014505021,1361.76,1.8406469152002136,2506.519343243043
060014326021,060014326012,1357.24,0.6179876563816673,838.7575667474541
060014011001,060014003003,1346.208,0.6990732367289254,941.0979838703732
060014060003,060014060004,1343.872,0.40137032210710866,539.3903375107244
060014506041,060014506053,1341.616,0.7482699134793687,1003.8908882425367
060014059013,060014059012,1339.6,0.28030631455564325,375.4983389787397
060014512014,060014512023,1335.168,0.6136206532236587,819.2866603233258
060014415223,060014403061,1331.616,0.7593125049054174,1011.1126805321322
060014417011,060014426022,1327.1679,0.6046886973566417,802.5234286245496
060014362002,060014369001,1326.912,0.7898234765952483,1048.026248975954
060014356021,060014356023,1325.136,0.6014558147522486,797.0107525375357
060014511022,060014507014,1325.088,2.1345239587004703,2828.4320833864886
060014064002,060014049003,1324.512,0.7296189301756004,966.3890284447448
060014340001,060014339004,1322.976,0.5753793024912879,761.2130080927142
060014419245,060014419243,1319.296,0.6549907262387418,864.1266451638671
060014381002,060014380002,1318.944,0.8285516920940935,1092.813282977352
060014419234,060014419272,1308.7273,0.6920512308145781,905.7063387656395
060014235003,060014235002,1308.0245,0.2884231645178802,377.264565556918
060014382032,060014382043,1302.216,0.9355522118469727,1218.2910591025172
060014214002,060014213003,1302.036,0.3735173066306475,486.33297985614183
060014381003,060014381004,1297.32,0.42890941886361755,556.4327672801483
060014507441,060014507433,1296.544,0.894065246863694,1159.1949314296414
060014096005,060014096001,1293.792,0.3555998895305538,460.07229227551426
060014506012,060014351031,1293.568,4.3588869483323585,5638.516671980392
060014331032,060014330003,1286.36,0.309800152161956,398.5145237350537
060014373001,060014376001,1284.4797,1.3142391773325313,1688.1135442283367
060014403052,060014403053,1280.96,0.45856387194953235,587.401977412473
060014086001,060014083005,1275.5305,0.8864494740623139,1130.6933408754403
060014422002,060014422003,1270.7919,0.6508228293286671,827.0603798459525
060014351023,060014351041,1270.22,1.4450943158919638,1835.5877019322902
060014368002,060014369002,1268.376,1.0132160873396443,1285.1389679955087
060014444002,060014445004,1267.4161,0.9297324603252937,1178.3578889088883
060014381001,060014351044,1267.2039,0.8163306677807721,1034.4574059013987
060014361003,060014358002,1260.376,0.4431874765588617,558.5828589553519
060014088003,060014086004,1260.0,0.5723602417486411,721.1739046032877
060014310001,060014311001,1258.752,0.5734865160396722,721.8772990379694
060014419234,060014419233,1258.56,0.5624525302229628,707.8802564374121
060014353001,060014311002,1257.9959,0.724344108812854,911.2219190757241
060014505022,060014301013,1256.48,4.252510706727187,5343.194652788576
060014378001,060014378002,1255.1723,0.40011960453527734,502.21904429963445
060019820001,060014025002,1253.76,1.1761851858459202,1474.6539386061809
060014403043,060014403322,1253.152,0.727382373303428,911.5206758699375
060014233001,060014231004,1248.764,0.24975654095808364,311.88697711298033
060014105001,060014105002,1247.712,0.6127314500322469,764.5123829826349
060014427002,060014426012,1247.672,0.6685010586013229,834.0700527872298
060014014003,060014014001,1247.304,0.8251800886102222,1029.2504252438846
060014076002,060014076001,1244.016,0.36047110074732375,448.43181686728275
060014433212,060014432001,1236.512,2.2007051182212805,2721.198287142032
060014422002,060014421001,1234.4,1.5147738790563399,1869.836876307146
060014338012,060014338021,1224.608,0.7911788165284946,968.8839081513268
060014364022,060014351032,1224.064,1.8736689072528485,2293.490657287551
060014424002,060014424004,1223.152,0.6118085784442923,748.334886341293
060014424002,060014425011,1221.92,0.816858784506623,998.1360859643328
060014302004,060014302001,1220.416,2.0176303885338873,2462.3484082529726
060014278004,060014278003,1220.224,0.3052385101617807,372.4593558236487
060014515041,060014515031,1216.5197,1.7717333421299006,2155.348513847864
060014310002,060014309002,1215.8437,0.6127918168698167,745.0590699527203
060014045024,060014045023,1212.064,1.2817850453530326,1553.6055092107783
060014419244,060014419291,1208.848,0.4932722456686203,596.2911676320203
060014331021,060014331022,1208.64,0.5456124074287484,659.4489801146825
060014419242,060014411001,1208.5444,0.7970469780981398,963.2666619174296
060014325013,060014325012,1206.606,0.6018389478886254,726.1824855561027
060014414013,060014414022,1206.528,0.7972336370299425,961.8847056184625
060014403084,060014403361,1205.024,0.48493374982411297,584.3568069480518
060014507432,060014507431,1200.256,0.4910092464313123,589.3367940846612
060014414013,060014414011,1198.624,0.8123049851549231,973.6482505263346
060014063004,060014057002,1198.176,0.6498634929910355,778.6508405780269
060014045024,060014046001,1178.9952,1.1348114149532265,1337.9372111350624
060014363011,060014355003,1176.3641,0.6955756761833152,818.250254295277
060014095001,060014094003,1168.5,0.9448151367774346,1104.0164873244323
060014327002,060014328001,1166.088,0.7294680019223952,850.623883425682
060014363011,060014356013,1160.376,0.581028998630266,674.2121053145936
060014419211,060014423022,1159.584,0.670791546074721,777.8391441635093
060014327002,060014328002,1158.16,0.9587222317259672,1110.3537398957462
060014506041,060014506063,1154.688,1.2563059121901743,1450.641361135048
060014368001,060014366023,1154.136,0.768077761154699,886.4661949480396
060014507512,060014507511,1152.8161,2.199726524033042,2535.8801525023277
060014327001,060014321003,1152.768,0.3299281087901516,380.3305661138055
060014515012,060014511032,1152.24,4.164763697461645,4798.807322763206
060014506041,060014506031,1151.072,1.3840270626744287,1593.1147990867798
060014506071,060014506062,1149.12,1.2655991111049179,1454.325250552883
060014514044,060014516025,1145.26,0.7462780161219135,854.6823607437826
060014368001,060014366021,1141.056,0.7398735314749513,844.237132330682
060014403342,060014403011,1137.696,0.7801733599860047,887.6001109626375
060014516024,060014516012,1133.92,1.3499750085540076,1530.7636616995605
060014502002,060014502001,1133.06,0.5463306480377194,619.0254040656183
060014251031,060014251032,1131.192,0.3801830575878113,430.06003327887146
060014085005,060014085001,1126.728,0.5365698388214186,604.5682613555794
060014382032,060014377012,1125.7248,0.5520290368599117,621.4327771133167
060014074002,060014076004,1123.488,0.46655128734512114,524.1647727167955
060014014003,060014014002,1122.624,0.5420535499611926,608.5223244716339
060014361002,060014357004,1122.2123,0.7217726281806904,809.9821211476974
060014234003,060014234002,1122.048,0.25016705162525804,280.69943994201753
060014428001,060014425012,1117.664,0.7570156407797082,846.0891291364118
060014301011,060014301014,1117.4,2.401735638355604,2683.699402298552
060014419271,060014419261,1116.576,0.43904932504335453,490.23193915960866
060014336003,060014336004,1115.52,0.37938296180653514,423.20928155442607
060014507451,060014507452,1115.04,1.6113407049986568,1796.7093397017022
060014403341,060014403042,1114.2952,0.6822251027505853,760.200157314484
060014251044,060014251022,1113.0761,0.6103245472539647,679.3376667917087
060014415242,060014415232,1108.5052,0.5774110071833517,640.0631039999828
060014206003,060014206002,1108.352,0.30138016985377614,334.0353140177725
060014375002,060014375001,1106.976,0.382841317353127,423.79615011829515
060014324002,060014334003,1106.752,1.2056839883311838,1334.3931654535143
060014331041,060014331043,1106.176,0.3997380024882444,442.1805846404362
060014414013,060014415212,1105.9589,0.720675728175808,797.0377355900157
060014415221,060014415013,1102.8009,0.5914475846564715,652.248928661983
060014515031,060014515035,1102.456,0.5373789100608835,592.4366036700812
060014333001,060014335002,1100.704,0.7762948599380153,854.4708575132131
060014415223,060014403071,1099.2,0.6343292681751364,697.25473157811
060014039003,060014039001,1097.12,0.46149551137970113,506.31595544489767
060014414013,060014414014,1096.496,0.7793734202168469,854.5798377740917
060014013003,060014013001,1092.1601,0.6518939008072016,711.9725078949833
060014514031,060014514032,1091.968,0.5382459364253358,587.7473387065012
060014070002,060014079003,1090.24,0.8808702700558552,960.3600032256956
060014240011,060014240021,1083.52,0.6745458835067221,730.8839556972035
060014239022,060014004001,1081.56,0.6340709410954309,685.7857670511743
060014059011,060014059022,1080.928,0.6091319598089538,658.427791052373
060014353002,060014364042,1079.296,0.926401931015265,999.8618985370515
060014102001,060014097002,1078.208,0.5608467190651414,604.709419269788
060014412001,060014411001,1069.5996,1.2194633985357874,1304.3375632885188
060014090003,060014091001,1069.24,2.6699618009023047,2854.8299559967804
060014433013,060014433012,1063.36,0.6023122122711561,640.4747140406564
060014092002,060014092001,1061.344,0.397632964357087,422.0253609226082
060014301011,060014351033,1059.296,1.568630775153772,1661.6443055972902
060014085004,060014085002,1058.4,0.5614166047758823,594.2033344947939
060014441001,060014416023,1055.312,0.6767403253061535,714.1721861794873
060014515051,060014511031,1054.568,1.2142422632347896,1280.5010350549856
060014010003,060014010002,1051.9277,0.20060366242104954,211.02054922215106
060014096001,060014097004,1050.912,0.3622389286410153,380.6812369759867
060014104001,060014104002,1044.3942,0.3820425807873538,399.00305552734375
060014403081,060014403072,1043.452,0.7401167123795331,772.2762637658486
060014221001,060014222001,1043.216,0.924056795276184,963.9908337408394
060014075003,060014077002,1041.312,0.5029948713350572,523.774595459651
060014368001,060014367002,1037.32,1.1367729746822637,1179.1973420974057
060014403082,060014402002,1036.7798,0.5512107253778393,571.4841456150912
060014442001,060014444001,1034.576,0.8475121127432401,876.8156915534504
060014414013,060014414015,1024.92,0.6817097526295687,698.6979596650975
060014353002,060014353003,1024.896,0.7109212646232771,728.6203604273381
060014446012,060014445003,1022.2055,1.2351204423706055,1262.546909353666
060014429004,060014429001,1021.52,0.6085832653996078,621.6799772710074
060014214001,060014215002,1020.288,0.6788703169394347,692.6432379295019
060014419241,060014418003,1017.9675,0.8387790076837157,853.8497695042729
060014446012,060014445002,1016.704,1.1013337168788184,1119.730395285562
060014229021,060014230001,1016.5042,0.5693602096512009,578.7570444233263
060014403081,060014403083,1013.72,0.9597228932481272,972.8902913434915
060014403013,060014403012,1006.984,0.83649054245689,842.332592405409
060019821001,060014225003,1005.376,0.71765498293255,721.5130961207954
060014506034,060014506033,1004.064,1.4852976653490755,1491.333915061054
060014361002,060014362001,1004.0,0.9994618397213636,1003.4596870802491
060014431052,060014431041,1002.368,1.0053191412468998,1007.6997369733725
060014096005,060014096002,994.24001,0.47868023936156096,475.9230459696407
060014426021,060014418001,993.33602,0.6848352738183046,680.2715452502848
060014443042,060014443041,991.94397,2.0749250714754295,2058.2094128518715
060014336002,060014332003,988.11445,0.517312714761648,511.16416862471266
060014420002,060014420001,981.82402,1.6193303070595126,1589.897391785005
060014240012,060014240013,979.74402,0.16896834016496867,165.54572084595387
060014368001,060014367001,978.56001,0.8206609799706102,803.0660167666501
060014045021,060014044003,975.84002,0.6099522508956408,595.215816713047
060014029001,060014035014,973.79202,0.7518237480925815,732.1199663390461
060014371014,060014372001,972.77997,2.340333986471036,2276.6300251492753
060014427002,060014425021,972.73601,0.9433777333440403,917.6574922559257
060014366012,060014366022,970.4,0.6258945828651866,607.368103212377
060019821001,060014227003,970.24001,0.6000971127862783,582.2382287107298
060014371013,060014371012,969.92,1.165725304386626,1130.6602872306762
060014415252,060014431024,966.30402,0.8627034700793661,833.6338312056412
060014322001,060014322003,962.52801,0.6808821596501151,655.3681501725276
060014515032,060014515011,960.64004,0.8641199583062606,830.1082313121245
060014050003,060014051002,960.01602,0.3997471484473883,383.7636664588109
060014102003,060014321001,956.83201,0.5627341425466121,538.4420407085014
060014074001,060014076003,952.52801,0.5541268303974867,527.8213270461255
060014325013,060014325023,949.31201,0.7513023048367873,713.2203011222432
060014505022,060014505011,944.27202,2.51611803190922,2375.8998565493434
060014099003,060014099004,943.71201,1.4627399628767719,1380.4052704737637
060014507501,060014507441,943.2762,1.243647211355467,1173.1028156679818
060014403381,060014403383,938.84801,0.26235190637402095,246.3085652189559
060014431052,060014431042,938.00801,1.3167827876908242,1235.1528022841226
060014038004,060014261004,936.096,0.9383393762466757,878.3757367470082
060014403051,060014403062,935.20001,0.3319842829477027,310.4717047325344
060014062022,060014062013,934.68801,0.5021307678766819,469.3356081864277
060014049001,060014261003,933.37601,0.9324387433580271,870.3159538449294
060014034011,060014037022,931.52002,0.47161218334124416,439.31619045827944
060014506071,060014506081,927.71976,1.6755134239583112,1554.4069115513826
060014415242,060014415033,924.96,0.9273581069325096,857.7691545882941
060014303002,060014303001,924.06403,1.110609133314002,1026.273951484944
060014416012,060014416013,922.72001,0.5390992254616636,497.43764270897844
060014330001,060014331042,922.56002,0.44440596309447117,409.9911742005546
060014354003,060014363022,922.24,0.5080148953313642,468.51165707039735
060014504003,060014504004,921.92001,1.2388031279014682,1142.0773920629529
060014333005,060014333003,921.26631,0.45603720988806307,420.13171757627134
060014229012,060014229023,919.05605,0.4005079564474109,368.0892604461295
060014357003,060014357001,918.07201,0.32455006177011103,297.96032755491
060014403084,060014403382,915.00002,0.669964963627092,613.0179551180885
060014424002,060014424003,914.62401,0.7967886875729557,728.7620645506139
060014203021,060014203011,914.01601,0.5186680304485938,474.0708837051822
060014336003,060014335003,912.73601,0.8589160229560103,783.9635837179372
060014238003,060014238002,909.00326,0.4716220448152982,428.7059762249721
060014416021,060014413022,907.84,0.8939741830183294,811.5855223113603
060014239012,060014005001,906.56002,0.5700270024138309,516.7636907088225
060014054011,060014055003,906.24001,0.3681026638630614,333.5893617802874
060014214002,060014212002,902.80001,0.6568698071459939,593.0220684601013
060014086001,060014084001,899.42402,0.5189171385598021,466.72653881035427
060014375002,060014377021,898.24001,0.6161234141911146,553.426701724261
060014359001,060014334004,898.17601,2.034410218510925,1827.258452765371
060014214001,060014211002,891.90401,1.022271491310842,911.7680424088201
060014036003,060014040001,891.20002,0.7530772937672853,671.1424992669505
060014099001,060014098001,889.95602,0.9534595840106462,848.5370966169703
060019819001,060014017001,886.752,1.833571912288897,1625.9235603660038
060014424002,060014423011,886.65507,1.0622971027635602,941.8911120116217
060014441003,060014441002,885.92127,0.8851343264763885,784.1593266325567
060014422002,060014422001,885.088,1.2426616486664694,1099.864913294908
060014419234,060014419232,880.6565,0.7682925352138213,676.6018150375307
060014061001,060014074003,879.364,1.1907455189859464,1047.098742557558
060019821001,060014225002,878.91201,0.4377128253626623,384.7110591422765
060014229011,060014228004,877.62819,0.3004831946322627,263.71252223053045
060014383003,060014383001,870.32001,0.737509270459495,641.8690756414004
060014003002,060014043002,867.87201,1.3197369201274343,1145.362733542206
060014307001,060014304001,862.68002,0.8492432380639519,732.6251735978748
060014229011,060014228003,861.31202,0.305250453533467,262.9158847388266
060014354001,060014364034,858.44002,0.7904450781602125,678.5496887047543
060014030003,060014031001,855.64802,0.3526533952217483,301.7471793677664
060014424002,060014424001,852.128,0.423616912607824,360.97583250667986
060014379002,060014351043,850.42385,1.4663772720433454,1247.0422052435993
060014251041,060014007004,848.03203,0.7544327318767257,639.7831211118654
060014082001,060014083001,846.08001,0.5942906899311499,502.81747287985417
060014278003,060014286002,843.36002,0.8374535950779088,706.274880693977
060014415222,060014414021,842.95898,0.7340148416000355,618.7444021800275
060014101002,060014100002,842.82966,1.4999936895339645,1264.239171352057
060014334001,060014333004,840.44002,0.8649689192272089,726.9544957746938
060014049003,060014049004,839.488,0.3559762891288254,298.8378230081794
060014059013,060014059021,836.44799,0.6346030173220781,530.8124182869874
060014507421,060014507422,835.456,0.5844194825501348,488.2567632134054
060014516023,060014516021,830.96457,1.191779594154329,990.3266179912265
060014015003,060014015002,830.58401,0.20293269103415343,168.5526482792382
060014102001,060014098002,826.43201,0.946110385926504,781.8959079231164
060014506034,060014506092,820.736,1.2571175365695948,1031.761618493983
060014328001,060014100001,820.10401,1.665719854829266,1366.063532482099
060014041012,060014041011,819.0,0.4634508428623777,379.56624030428736
060014419212,060014419292,818.09601,1.046067444289857,855.7836023644293
060014251042,060014251043,817.49203,0.31683634697375085,259.01118846535593
060014205001,060014205002,817.40789,0.43114664690038823,352.4226709234214
060014229021,060014223003,816.16,0.7185124067701315,586.4210859095105
060014231004,060014231003,815.26,0.20167285490848733,164.41581169269338
060014413021,060014413024,812.44,0.4303554139452603,349.6379525056873
060014040002,060014041021,811.52,0.463732502446159,376.3282003851069
060014379002,060014379001,807.328,0.7914190862757553,638.9347880848329
060014095003,060014096004,805.56802,0.46840142043356914,377.3292048238579
060014358004,060014360001,802.01601,0.9109172863177933,730.5702474126242
060014511021,060014511023,801.88801,0.7800376542237247,625.5028422705308
060014339001,060014339003,799.61602,0.535557711018544,428.24052536495833
060014102001,060014103001,795.52,0.322300707257548,256.3966586375246
060014422002,060014431044,794.43201,1.2120422196011627,962.8851367226131
060014383003,060014383002,786.72,0.5221123476393197,410.7562261348056
060014515051,060014515062,784.80003,0.7184686198884965,563.8541944425507
060014373001,060014374001,784.44803,0.5021152445235714,393.8833143994839
060014372005,060014372001,778.624,0.42406682653198,330.1886087416364
060014236012,060014237002,777.56801,0.9624352518119192,748.3588635052429
060014025002,060014025001,775.13604,0.38414283993176707,297.7629597390638
060014281002,060014281001,773.6,0.43477931525334945,336.34527827999113
060014417011,060014417012,772.96001,0.49330951001418527,381.30852379365973
060014099002,060014098003,772.80001,0.6234818689095024,481.8267945280822
060014083005,060014083003,770.89049,0.43019514010701077,331.6333423527122
060014335002,060014335001,767.61601,0.44531187285961593,341.8285230501257
060014305001,060014304002,767.20002,1.7198840583883528,1319.4950839932253
060014054011,060014055002,766.72001,0.5069003572291136,388.65064696370956
060014044001,060014001002,758.27675,1.0427766556383546,790.7132934133207
060014422002,060014431043,758.20802,1.1016491748285453,835.2792395813852
060014234002,060014234001,758.016,0.19882670358981766,150.7138225483392
060014070001,060014068003,755.80804,0.4873504880495446,368.3434171657697
060014373001,060014373002,752.80001,0.6634660358553551,499.45723842657173
060014351022,060014351041,751.72407,2.0573291776557125,1546.5438627571052
060014086004,060014086003,751.36001,0.40919100745789116,307.44975945547117
060014415211,060014415213,750.43202,0.7519334965864416,564.2749727490265
060014517032,060014517041,750.27202,1.2735862571948922,955.5361338298512
060014202003,060014202001,749.85601,0.4628799717255893,347.0933287070632
060014220002,060014219003,747.68001,0.9509292178693797,710.99076712587
060014103003,060014096003,746.36802,0.5287530864245563,394.644394183585
060014093002,060014323001,746.01601,0.3289932417076809,245.43422549572972
060014504003,060014505012,744.19203,0.8278227241650108,616.0590735764895
060014429004,060014429003,743.81352,0.8654144371350169,643.7069587442156
060014327003,060014326023,743.40788,0.5908229585986637,439.22244310716036
060014102001,060014101001,743.4,0.40602790444312786,301.8411441630212
060014359001,060014359002,742.528,0.6069663343351086,450.6894983011795
060014105001,060014022002,740.75601,0.5604499473305727,415.1566667893052
060014229021,060014230002,740.25602,0.3461801919004531,256.2619710590657
060014374002,060014376002,738.65603,0.7588556240213923,560.5332825828142
060014045024,060014045011,736.92801,1.0557521573631279,778.0133363788167
060014081002,060014083002,735.64552,0.6043083048304081,444.55669714728407
060014042003,060014042002,728.38403,0.84762384196464,617.3956699342876
060014366012,060014366011,728.09603,0.37398527825151845,272.2971963733759
060014058001,060014058002,727.24,0.2714321061408686,197.39628486988528
060014332002,060014338022,724.47762,1.0034813164790921,726.9997558772394
060014054021,060014054022,723.20001,0.325649953931794,235.510049939973
060014382013,060014382011,722.45915,0.3814739766660748,275.5993649292922
060014423023,060014423012,719.48802,0.4391746874808866,315.9809263297419
060014327003,060014326022,717.63202,0.8139232571743474,584.0973911710065
060014220002,060014232001,715.904,1.2736261251531895,911.794037501669
060014384002,060014384001,715.89602,0.7491428893159848,536.3084128726141
060014228003,060014228002,714.59202,0.3067428426008788,219.19598751470406
060014240013,060014240014,711.36001,0.25503734573428033,181.4233688119111
060014441004,060014441002,707.47874,0.7364446575398972,521.0189383960579
060014338012,060014328003,701.44,1.6581220093072289,1163.0731022084626
060014358004,060014358003,700.24,0.4131382323586479,289.2959158268196
060014382031,060014382043,698.98402,1.1119894998021778,777.2628907695154
060014323003,060014326011,698.75414,0.72409587676165,505.96499164413274
060014516023,060014516013,695.09123,1.2956256788175144,900.578046708851
060014028011,060014013002,693.984,0.7339154260138868,509.32556300682126
060014306002,060014305003,693.3394,0.5057549335327103,350.6598221626092
060014369002,060014369003,692.25601,0.41486549027936537,287.1931289874872
060014506033,060014506083,689.02401,0.8935229226219054,615.6587471718649
060014371011,060014403311,687.28797,1.8838374075207422,1294.7387876249936
060014419212,060014419262,683.31123,0.7112419789630229,485.9996314728573
060014057002,060014057001,682.65602,0.4489964712994408,306.5101440913205
060014371022,060014371021,682.24002,0.29897947885337145,203.9757656325137
060014055003,060014056003,676.35201,0.4186116942057953,283.128860785595
060014517043,060014517012,675.68001,0.9387375993333452,634.2862305049307
060014103003,060014094001,671.61601,0.3661932012125718,245.94121668751464
060014430022,060014430011,670.81245,0.9141869974951455,613.2480195478624
060014507421,060014507011,670.80801,1.4244728024413955,955.5477659048356
060014364041,060014364043,666.912,0.5552861469752935,370.326994851587
060014506073,060014507013,664.16001,1.4312554429740691,950.5826293182123
060014251032,060014008001,663.22401,0.5401931802598108,358.26908718656455
060014402001,060014402004,663.16799,0.519950781705843,344.81471480279265
060014331032,060014330002,661.91999,0.7453160189955722,493.33957184038894
060014512011,060014512013,660.5439,1.5062996994499906,994.9770780435247
060014038003,060014038002,660.25603,0.4077389578951205,269.2121056161694
060019821001,060014227002,659.87201,0.8241399037328866,543.8268547974264
060014046004,060014046003,659.34086,0.8461686994829019,557.9135980221381
060014333002,060014325011,658.99017,1.1665704501256124,768.7584592452539
060014517031,060014517011,655.808,0.8205925556878413,538.1511627605319
060014308001,060014308002,655.36002,0.5526699074026824,362.19776156882006
060014403043,060014403041,650.4,0.6898016672743759,448.64700439525404
060014416021,060014413023,650.08,0.7777414151226969,505.59413914296283
060014506034,060014503002,647.03591,1.2997072925403372,840.9572907624732
060014372004,060014372003,646.89998,0.8639698925275248,558.902106196658
060014403081,060014414023,646.88,0.4146621647054938,268.2366611046898
060014051002,060014051005,645.12001,0.44103058302153136,284.51765412915614
060014215002,060014215001,644.64001,0.5800252452768602,373.9074799155276
060014419234,060014426011,643.6161,1.015084060148105,653.3244439646887
060014515031,060014515034,641.14401,1.1804952996902922,756.8674902295857
060014033022,060019832002,640.00001,0.7926547415489538,507.2990425178778
060014231003,060014231002,637.02,0.19694362191596926,125.45702603291073
060014506053,060014506052,636.528,0.6116325595716133,389.3212498789999
060014331021,060014338022,635.08796,1.2085093677568328,767.5097490095767
060014035012,060014012003,632.12801,0.7382528916172864,466.67033125478093
060014086001,060014082002,631.616,0.654187897566187,413.19554310916476
060014217003,060014224003,631.07201,0.34696041709527886,218.957007806756
060014213003,060014213004,629.55601,0.3216294491949852,202.4837527336926
060014430023,060014430012,627.68002,0.7771914437473427,487.82754095516094
060014337001,060014340002,627.12416,0.8018426048975388,502.85487004858084
060014516023,060014516022,626.72,0.6145170583061894,385.13013078165505
060014097004,060014097001,623.744,0.3748301849102049,233.79807885663087
060014068002,060014069001,623.02401,0.5025603266968519,313.1071500055827
060014087005,060014087006,620.83201,0.42455642140182137,263.5782164572998
060014354002,060014355003,620.61188,0.9259865284711231,574.6782402891372
060014431031,060014431032,619.84001,0.7002707762188445,434.05584493419633
060014338012,060014338011,618.09999,0.47333989674874377,292.57138544699956
060014415221,060014415011,616.16,0.8166599182232216,503.1931752124202
060014049001,060014050001,615.33601,0.3411566141890356,209.92594976019055
060014008003,060014008002,612.70401,0.28782518651619293,176.35164595746934
060014421003,060014421002,610.56001,0.6454430860683961,394.0817370843508
060014228004,060014228001,604.28418,0.5800033275042936,350.4868351582035
060014096002,060014097003,601.92001,0.45723383987541255,275.2181974701467
060014017003,060014251012,601.632,2.012083007700575,1210.5335240889121
060014048001,060014047002,601.40801,1.1277077008532526,678.2124442318299
060014059012,060014058003,600.32001,0.5937770696927326,356.45625641571195
060014225002,060014225001,596.38401,0.3942618991055684,235.1314923787943
060014039003,060014039002,596.224,0.2466478185688054,147.05734897836746
060014446012,060014445001,595.624,1.298385407699286,773.3495100754795
060014334001,060014334005,595.36001,1.1170459986259995,665.044516912435
060014229022,060014224001,592.53215,0.46735677293182687,276.9239134823572
060014213001,060014212004,591.77601,0.6687521373511068,395.75147152061
060014004001,060014002001,591.00801,0.5390977476469386,318.6110870322994
060014085002,060014084003,588.54401,0.5728915203812524,337.17187270017894
060014339001,060014339002,587.904,0.3304550924387753,194.27587066512575
060019821001,060014216001,586.55999,1.394675549130203,818.0608761510563
060014236021,060014236022,585.44001,0.5036962323603246,294.8839273099908
060014261004,060014261005,584.35199,0.7398885183833205,432.3553280954449
060014076001,060014078001,580.24001,0.40978315227753126,237.77258037534625
060014337001,060014355001,580.19202,0.812031189853287,471.13401634398207
060014085001,060014084002,580.19202,0.607252876763247,352.32327322007933
060014377011,060014377022,579.16801,0.3062306616891667,177.3590029314979
060014515013,060014516013,578.8608,1.6814080805536835,973.3012266357697
060014240012,060014240022,577.48001,0.6067681221434988,350.39646124310894
060014099002,060014100003,576.59437,0.7488175496639338,431.76398329341964
060014415232,060014415231,574.74517,0.3220468469338402,185.094869788954
060014416012,060014416011,574.4,0.5782273793474395,332.13380669716923
060014357002,060014337002,572.01275,0.62974919908936,360.2245711814023
060014431023,060014431021,570.40001,1.0189061739003742,581.1840917818351
060014085004,060014085003,568.544,0.23230498979002193,132.07560811517823
060014233001,060014232002,568.28801,0.7604469736154182,432.1528973464285
060014009002,060014009001,567.392,0.2888888637070601,163.91323015647623
060014359001,060014359004,566.24001,0.49197744229652446,278.5773118457584
060014309001,060014307003,559.9558,0.8703754085408312,487.3717581898079
060014302003,060014302002,557.70401,0.6720791256865476,374.8212234326816
060014080002,060014080001,556.48402,0.6679871670299735,371.7241840172511
060014218001,060014218002,556.384,0.42111170037130613,234.2998122993888
060014506013,060014506011,555.07201,1.5418068967260259,855.8138531975776
060014090001,060014091002,552.12801,1.00482639648206,554.7927986851108
060014053011,060014052003,551.24001,0.6314241027876752,348.0662287349191
060014236012,060014236011,547.45601,0.29681300192910065,162.49206175222776
060014336002,060014336001,547.10404,0.8600701770134926,470.547868527597
060014335004,060014334006,545.95202,0.6748990897697622,368.46252135596296
060014221002,060014231001,544.61601,0.8850655859775128,482.02088802338494
060014251031,060014251033,542.68802,0.39770277437377577,215.82853117341114
060014015002,060014015001,541.43201,0.2847480304424814,154.1716984660139
060014072002,060014071022,540.96,0.595533385096692,322.1597400019065
060014361003,060014361002,539.07641,0.8101586185102712,436.73739959707655
060014377011,060014377012,537.75527,0.4124218634790754,221.78203054909332
060014517043,060014517013,537.28001,0.6706482690226646,360.3259086869799
060014419233,060014419231,534.97601,0.384437500127243,205.66483991244692
060014373001,060014370002,534.08001,0.5125132471710856,273.7230801742659
060014382012,060014382011,532.67685,0.48278602633930146,257.1689397344361
060014419243,060014418004,532.064,1.1891642971872158,632.7115126186187
060014339001,060014340003,531.17987,0.8259726864076372,438.7400641895595
060014505022,060014505012,531.07198,2.7957941770028842,1484.7679492533923
060014271001,060014281004,530.944,0.5208416678897057,276.53775851603183
060014325021,060014325022,530.56001,0.35819825351592866,190.04566896739365
060014236012,060014239021,528.77201,0.4942463670772125,261.34364495461546
060014003002,060014003004,528.19201,0.4969126835474693,262.46530911743173
060014403014,060014381006,527.22401,1.2157939905533774,640.9957830334538
060014069003,060014069002,522.08001,0.5575328536394057,291.0767578033895
060014375002,060014377023,522.01601,0.6963242495264661,363.49240640405026
060014206002,060014206001,521.216,0.29891966020266153,155.80170961219042
060014515041,060014512013,519.3361,1.822853160603156,946.6734513003166
060014324001,060014325011,519.01783,1.3814031371598663,716.9728586039062
060014201002,060014213002,517.72801,0.4410810223729295,228.3599999619023
060014336002,060014337003,516.12801,1.0138958565416476,523.3000507840861
060014303002,060014303003,515.36002,0.43279283349752734,223.04412332714233
060014221002,060014222003,514.60383,0.46755042396024965,240.60323888806823
060014203021,060014204012,514.56,0.6902473878115613,355.1736958723169
060014235002,060014235001,513.47201,0.351837273621257,180.6585920792268
060014010002,060014010001,513.14372,0.24206275351399145,124.21298181161265
060014337001,060014337002,512.15125,1.3132697842207535,672.5927615758892
060014007004,060014007003,511.36002,0.24110319273885714,123.29053346100585
060014071011,060014071012,510.40001,0.4239859325666463,216.4024242218756
060014104002,060014322002,509.44,0.5427154933541686,276.48098093434766
060014072001,060014071024,504.54401,0.5468447566789694,275.90724638228147
060014046001,060014046002,503.52001,0.21330793834114659,107.40481524661351
060014334003,060014334002,501.28,0.29748700201616035,149.12428437066086
060014321003,060014321002,500.672,0.3092588065385052,154.83722518724647
060014227003,060014227004,497.76001,0.20418502453664578,101.63513985521105
060014105002,060014022001,497.60001,0.3915886028514603,194.85449269477266
060014427003,060014427001,495.40801,0.6238421766810561,309.0564113036304
060014076003,060014077003,493.2,0.6224313778128229,306.98315553728423
060014058001,060014057003,491.904,0.6346053495872498,312.16490988336653
060014514041,060014513002,490.26008,0.8029606534600572,393.65955420217995
060014433221,060014432002,490.04801,2.6583075882853047,1302.6983436071127
060014431023,060014431022,489.60001,0.4227554323541718,206.98106390815684
060019821001,060014216002,487.328,1.1101607964299145,541.0124406025974
060019819001,060014022003,486.40001,1.766955960458509,859.4473968365784
060014062023,060014063001,484.70401,0.61845225438669,299.7662876947687
060014507453,060014507461,482.79601,1.2235846885786188,590.7418055428498
060014236021,060014236023,478.72746,0.2876039641646851,137.6839152504907
060014105002,060014017002,476.64,0.6780526229097374,323.18700218369725
060014223003,060014223002,473.696,0.25062771716491844,118.72134711015322
060014063002,060014063003,470.80001,0.27457768877967614,129.2711786232484
060014025001,060014027002,470.72003,0.7029341829705141,330.8851996959059
060014077002,060014077004,469.92,0.4429650621146445,208.15814198891374
060014414014,060014415233,469.28001,0.4775366213149966,224.09839042606782
060014251023,060014251022,468.91993,0.6800758938276436,318.90114052834605
060014444002,060014445003,467.36654,0.7274051903876769,339.9648470095298
060014042003,060014042001,466.4,0.9859088173255467,459.82787240063493
060014003002,060014003001,466.08001,0.899514958768811,419.24594097811706
060014221001,060014219002,465.44,0.9611079936368614,447.3381045583408
060014011004,060014006002,465.03228,0.8762387454030158,407.47930159910396
060014413021,060014413012,464.35202,1.538545180530964,714.4265624408177
060014041012,060014041013,464.08839,0.35274195012318393,163.70344371812874
060014506073,060014507012,463.87212,0.8648995723779378,401.20279822604743
060014103003,060014103002,461.60001,0.3529025588260561,162.8998246831331
060014422003,060014422004,461.35192,1.434174213736409,661.6590271217827
060014039001,060014262003,459.84002,0.4846470786148494,222.8601223231939
060014040001,060014040003,459.20001,0.29707828535136055,136.41835160412762
060014044001,060014044004,456.48,0.9222060416351507,420.96861388561365
060014239011,060014005002,451.98395,0.5726780618646907,258.8412924799473
060014363011,060014356011,451.25974,0.9328614260357958,420.9628045689425
060014217001,060014215003,450.97601,0.9110789508110909,410.874750031772
060014033022,060014033023,449.52,0.4744453910505603,213.27269218504784
060014415252,060014430011,447.54757,1.032337584445816,462.0201773383948
060014403013,060014403073,445.73205,1.2159113560611734,541.9706613554267
060014003003,060014002002,439.68,1.079837441717231,474.7829263742321
060014052004,060014037021,435.296,0.36108595877793886,157.17927351220166
060014515031,060014515033,433.72,0.6968932990168409,302.2565616495843
060014403014,060014402003,432.16,0.793930600554463,343.10504833561674
060014099001,060014081003,430.91202,1.1377072906209835,490.25174677021505
060014049004,060014050002,427.99999,0.5050596916592602,216.16554297956648
060014003002,060014043003,426.72001,0.9676597131857209,412.91976248720795
060014234001,060014230003,426.56001,0.43615351347391657,186.04564706896898
060014003003,060014004002,420.064,0.49679457158775003,208.68551491943663
060014054011,060014055004,415.71201,0.3525250863759311,146.54891223276195
060014043002,060014043001,412.672,0.5572291201779921,229.95285548209236
060014048001,060014047001,406.784,0.8421548255793934,342.57510856848796
060014251041,060014251045,403.744,0.46088375374906015,186.07905027366056
060014079003,060014079002,400.00001,0.47267249715926657,189.06900359043158
060014381001,060014351042,398.64,0.7328860783149193,292.1577062594594
060014325012,060014326011,395.982,0.5263256316831293,208.4154762851489
060014331021,060014330004,394.75201,0.7126115257191018,281.3048321267821
060014066021,060014048002,392.99201,1.0214362190040813,401.4162727932141
060014100003,060014100002,392.01836,0.9780659492402964,383.41980939302425
060014240014,060014007001,390.56801,0.29265296204297214,114.30088500572917
060014022002,060014018002,389.568,0.38922988720443735,151.63150869845825
060014239022,060014004003,387.23201,0.5029214156040606,194.74727063640574
060014217001,060014216003,385.984,0.5448491606215987,210.30305841336715
060014507461,060014507462,384.416,0.39227145170996686,150.7954223805386
060014419245,060014419281,381.216,1.3001755067964882,495.64770599893006
060014212004,060014212001,378.68801,0.41679430660887196,157.83500654904358
060014017001,060014018001,378.016,0.4210638107807464,159.16885749609463
060014026001,060014028022,374.656,0.6408350819137181,240.09270844946596
060014238002,060014238001,373.33925,0.6206714346567677,231.72100791118163
060014038003,060014051003,372.896,0.7303005275056413,272.32614550474364
060014512023,060014512022,368.064,0.5501079356395617,202.47492722323966
060014007003,060014007002,367.74402,0.2504797106719753,92.11241573094908
060014055002,060014056002,366.56,0.5134382623947501,188.2059294634196
060014301011,060014308003,363.94407,0.9184722508294156,334.2725291489184
060014028011,060014028013,362.88001,0.18198931013220138,66.04028268066634
060014036002,060014035022,362.24,0.43746378433272404,158.46688123668596
060014227002,060014237001,359.71201,0.44252871954225065,159.18289518926926
060014014001,060014010005,357.92,0.2853276237593261,102.124463095938
060014413021,060014403362,356.1919,1.0882926340684003,387.6410210848282
060014507413,060014507012,355.21593,0.8146975100968012,289.39353371771966
060014204012,060014204011,352.352,0.2708838280630231,95.4464585856623
060014054022,060014055001,351.68,0.3446368439864679,121.20188529316103
060014037011,060014035021,349.47201,0.263363541820429,92.03818632070438
060014501022,060014501021,345.32466,1.592580753832408,549.9574073397199
060014050003,060014051001,342.40002,0.8564876869993115,293.261401158318
060014219003,060014219001,339.20001,0.4704418514800161,159.57388072644
060014006002,060014006001,338.656,0.3357101599986144,113.69025994449076
060014093003,060014093004,335.424,0.5517476808984554,185.0694141176835
060014078002,060014079001,331.264,1.0034103354350514,332.3937213575569
060014382032,060014377013,326.72001,0.7341857852348199,239.87318709377823
060014203021,060014204021,324.224,1.2892079849819247,417.9921697227795
060014358004,060014336003,323.66416,0.9910666411863022,320.7727519235859
060014240021,060014233003,323.52001,0.41223360717747276,133.36582071639205
060014514044,060014514043,323.20001,0.46864128452795767,151.46486784584877
060014419232,060014418003,322.4485,0.4950072754868792,159.61435346983097
060014205002,060014219004,316.86387,0.43322369088387463,137.27293526914823
060014229022,060014224002,314.78401,0.4286586622233518,134.9348926159022
060014415221,060014415214,314.52801,0.5163519782628082,162.40716018256433
060014419233,060014418002,312.704,0.6880354143966405,215.15142622348708
060014033022,060014033021,312.556,0.41950354318433025,131.1183494435215
060014403072,060014403073,312.18797,0.5067980111178164,158.21624229090855
060014213001,060014212003,304.8,0.3999231311109458,121.89657036261629
060014261003,060014261006,302.17601,0.6048374034564502,182.76735327523033
060014506041,060014506044,301.92,0.45721166388394574,138.0413455598409
060014371023,060014372003,299.05204,0.5288227276141173,158.1455154913661
060014060004,060014054013,294.08,0.29382150030218085,86.40702680886534
060014084002,060014083004,293.37601,0.600445782341646,176.15638784472057
060014446012,060014446011,293.28244,0.9015899284403441,264.4204940924095
060014030002,060014030001,291.104,0.32267646497398356,93.9324096597865
060014235002,060014236023,290.58453,0.8532074446486947,247.92888429574194
060014030003,060014028021,288.64001,0.49240373741584476,142.1274196917468
060014070004,060014070005,288.384,0.38491964123816375,111.00466581882662
060014224001,060014224004,284.98014,0.27126384936022313,77.3048097676153
060014011003,060014010004,283.57601,0.5849721779573883,165.88407618616614
060014033022,060014033011,279.808,0.7142570230388725,199.85482910246083
060014337001,060014305003,279.62052,0.8181154056882818,228.7618551585683
060014507451,060014507434,279.4801,1.6241612498036204,453.9207485112408
060014012003,060014012002,276.16,0.47051520769688004,129.9374797575704
060014067003,060014067005,274.72,0.5019765138523774,137.90298788552514
060014068004,060014067002,272.8,0.34717925310838377,94.71050024796709
060014037012,060014036001,270.848,0.42543900897281983,115.22930470227031
060014211002,060014211001,270.72001,0.40146738292575823,108.6852539203351
060014201001,060014201003,264.864,0.4387094774659392,116.1983470395385
060014053022,060014054012,260.672,0.34492017373270756,89.91103152725235
060014357004,060014356011,257.41227,0.4013951564525243,103.32403838944943
060014323001,060014323002,255.136,0.3190917961650749,81.41180450637255
060014326023,060014326011,252.46388,0.8577577468513587,216.5528488701518
060014312001,060014311002,250.38816,0.8988644700905791,225.06502075535514
060014262002,060014261001,246.08001,1.1624875442009879,286.06494650185454
060014375002,060014376001,246.04037,0.9071977230058439,223.20726343151534
060014239011,060014005003,245.6,0.21561555690053344,52.95518077477101
060014415253,060014415251,243.50414,0.8621202304622642,209.92984529531543
060014403371,060014412005,241.01969,1.663523580485954,400.9419376764147
060014061004,060014062014,236.96001,0.41530598581121625,98.41091055088566
060014403051,060014403042,236.29682,0.9412333643471122,222.410450873124
060014051005,060014261002,234.56,0.5560557182532001,130.4284292734706
060019821001,060014227001,233.44,0.885196245687731,206.64021159334393
060014218001,060014223001,233.056,0.5693999874515931,132.7020834755185
060014010001,060014006002,231.70372,0.628051428779588,145.5218523995456
060014034021,060014034022,230.976,0.2762625385551953,63.810016105324785
060014227004,060014237003,219.36001,0.34663374759282817,76.03758233830025
060014062013,060014062012,216.448,0.20340371005203928,44.0263262333438
060014230001,060014222002,212.88418,0.7082504793177612,150.77532252416853
060014513003,060014513002,209.19593,1.922115704304459,402.0987823295763
060014225001,060014216004,208.60801,0.23853739837726345,49.76081198605816
060014034021,060014034013,204.288,0.2759504133349669,56.37335803937372
060014514044,060014516011,204.1324,1.1919352764132112,243.31260861889217
060014038002,060014051004,199.68001,0.39168193643648497,78.21105298445669
060014501021,060014503002,193.07233,2.3890740076136705,461.2640851924091
060014334001,060014333003,186.2537,0.9995274333548576,186.16568271384565
060014309001,060014307002,185.93212,0.8022632107822566,149.16649957875183
060014056003,060014056001,184.96,0.5336002540729828,98.69470299333891
060014104003,060014104002,182.00574,0.5001305813679005,91.02663655849493
060014217003,060014224004,179.62787,0.3198068998530318,57.446232231903416
060014203021,060014203022,174.4,1.510976214946212,263.5142518866194
060014034021,060014034012,171.04,0.2510784319300351,42.9444549973132
060014356021,060014356022,170.4,0.426916700825102,72.74660582059738
060014038002,060014038001,161.76001,0.5312884396375664,85.94122330865714
060014340002,060014340003,159.12415,0.4898749589124555,77.95093644322941
060014238001,060014001002,157.91525,1.2871775311597446,203.26496162747384
060014204011,060014204022,156.8,0.16917984314186119,26.527399404643837
060014368001,060014363023,145.26395,0.7426669879095193,107.88274019833902
060014429002,060014429003,144.79449,0.8245834359766303,119.39513807468383
060014059021,060014058004,142.24,0.4743920374517826,67.47752340714156
060014368002,060014370001,140.42394,0.543202222422144,76.27859628927379
060014419212,060014419272,133.73667,0.7043633405140177,94.19920763042082
060014414013,060014414021,130.50503,1.0058927165023381,131.27405914391915
060014220002,060014219004,128.09613,0.9512039430782134,121.84554394905942
060014028011,060014028012,123.104,0.283528630820541,34.90350856853188
060014332001,060014332004,121.31197,1.4063781680054899,170.61050612573695
060014403371,060014402002,109.39619,1.0790156308034422,118.04019896034322
060014444003,060014445004,104.7759,0.7777025574604685,81.48448539022229
060014403052,060014415013,104.23907,0.7131837525281433,74.3416111026438
060014426022,060014426011,93.087896,1.0721087706325874,99.80034974133414
060014415212,060014415231,92.99885,0.46503934007071746,43.24812383133565
060014403331,060014403311,85.375372,1.2711340015796744,108.52353824671329
060014373001,060014373003,82.928159,0.7761118680718193,64.36152839724684
060014430023,060014423011,71.424934,0.7307711294940546,52.1952796932183
060014041013,060014003002,69.048394,0.4893117965917812,33.786193719917165
060014083003,060014083002,67.794483,0.37233693542944585,25.242390039243663
060014378002,060014351043,63.492244,1.0316165184627446,65.49964770466708
060014511021,060014511022,58.960096,1.5309353085626096,90.26409276264108
060014332003,060014338022,58.922436,0.8223453632723086,48.45459203730935
060014235003,060014239011,57.624105,0.5656098489093057,32.59276132258397
060014351044,060014351043,50.403907,0.5701014449648657,28.73534021257471
060014415252,060014422004,38.412205,1.934265373631763,74.29939805634487
060014222003,060014222002,31.595817,0.4772532663639728,15.07920686668834
060014046001,060014046003,23.923147,0.6900695917221222,16.508636282998314
060014443012,060014443031,11.2,2.379525192134688,26.6506821519085
060014309003,060014309002,9.8442577,0.34225518784971515,3.3692482683545046
060014502003,060014503003,7.7041846,0.978909427773736,7.541698938249229
060014424002,060014419262,1.7127909,0.7668001594845859,1.3133683352837473
