geoid,geoid_str,load
060014001001,"1 (Tract 4001, Alameda, CA)",247.48800501227342
060014002001,"1 (Tract 4002, Alameda, CA)",134.25600191950792
060014003001,"1 (Tract 4003, Alameda, CA)",189.1600014686583
060014004001,"1 (Tract 4004, Alameda, CA)",159.44000028371806
060014005001,"1 (Tract 4005, Alameda, CA)",175.24000122547136
060014006001,"1 (Tract 4006, Alameda, CA)",76.80000190734864
060014007001,"1 (Tract 4007, Alameda, CA)",21.240000343322748
060014008001,"1 (Tract 4008, Alameda, CA)",44.8400019645691
060014009001,"1 (Tract 4009, Alameda, CA)",75.6000007271767
060014010001,"1 (Tract 4010, Alameda, CA)",20.159999471902847
060014011001,"1 (Tract 4011, Alameda, CA)",49.4400010228157
060014012001,"1 (Tract 4012, Alameda, CA)",64.28000082671642
060014013001,"1 (Tract 4013, Alameda, CA)",49.08000401258469
060014014001,"1 (Tract 4014, Alameda, CA)",110.75999807119372
060014015001,"1 (Tract 4015, Alameda, CA)",15.720000529289237
060014016001,"1 (Tract 4016, Alameda, CA)",37.000001835823056
060014017001,"1 (Tract 4017, Alameda, CA)",28.360002279281616
060014018001,"1 (Tract 4018, Alameda, CA)",38.400000000000006
060014022001,"1 (Tract 4022, Alameda, CA)",60.440000355243704
060014024001,"1 (Tract 4024, Alameda, CA)",32.520000362396246
060014025001,"1 (Tract 4025, Alameda, CA)",19.00000057220459
060014026001,"1 (Tract 4026, Alameda, CA)",26.079999637603763
060014027001,"1 (Tract 4027, Alameda, CA)",8.560000014305114
060014028011,"1 (Tract 4028.01, Alameda, CA)",23.20000323653222
060014028021,"1 (Tract 4028.02, Alameda, CA)",0.6880000829696655
060014029001,"1 (Tract 4029, Alameda, CA)",51.48000125885011
060014030001,"1 (Tract 4030, Alameda, CA)",22.120000034570694
060014031001,"1 (Tract 4031, Alameda, CA)",45.24800225496293
060014033011,"1 (Tract 4033.01, Alameda, CA)",43.16000328063964
060014033021,"1 (Tract 4033.02, Alameda, CA)",27.280001640319824
060014034011,"1 (Tract 4034.01, Alameda, CA)",27.040001526474953
060014034021,"1 (Tract 4034.02, Alameda, CA)",-7.2
060014035011,"1 (Tract 4035.01, Alameda, CA)",45.119998842477806
060014035021,"1 (Tract 4035.02, Alameda, CA)",35.7600009918213
060014036001,"1 (Tract 4036, Alameda, CA)",47.92000019550322
060014037011,"1 (Tract 4037.01, Alameda, CA)",80.8400022983551
060014037021,"1 (Tract 4037.02, Alameda, CA)",66.15999979972841
060014038001,"1 (Tract 4038, Alameda, CA)",22.56000065803528
060014039001,"1 (Tract 4039, Alameda, CA)",18.720000463724134
060014040001,"1 (Tract 4040, Alameda, CA)",60.11999955177308
060014041011,"1 (Tract 4041.01, Alameda, CA)",70.62400104999543
060014041021,"1 (Tract 4041.02, Alameda, CA)",49.31999967098237
060014042001,"1 (Tract 4042, Alameda, CA)",189.00000169277166
060014043001,"1 (Tract 4043, Alameda, CA)",176.7600030183791
060014044001,"1 (Tract 4044, Alameda, CA)",236.0880046963689
060014045011,"1 (Tract 4045.01, Alameda, CA)",227.40000137090652
060014045021,"1 (Tract 4045.02, Alameda, CA)",137.34399964809404
060014046001,"1 (Tract 4046, Alameda, CA)",123.55999994277937
060014047001,"1 (Tract 4047, Alameda, CA)",90.44000136852267
060014048001,"1 (Tract 4048, Alameda, CA)",59.56000089645387
060014049001,"1 (Tract 4049, Alameda, CA)",49.720003151893636
060014050001,"1 (Tract 4050, Alameda, CA)",79.96000436544409
060014051001,"1 (Tract 4051, Alameda, CA)",89.80000078678117
060014052001,"1 (Tract 4052, Alameda, CA)",73.93600357174874
060014053011,"1 (Tract 4053.01, Alameda, CA)",67.83999955654147
060014053021,"1 (Tract 4053.02, Alameda, CA)",26.159999990463263
060014054011,"1 (Tract 4054.01, Alameda, CA)",38.72000083923341
060014054021,"1 (Tract 4054.02, Alameda, CA)",153.00000357627871
060014055001,"1 (Tract 4055, Alameda, CA)",70.04000179767611
060014056001,"1 (Tract 4056, Alameda, CA)",33.99999928474426
060014057001,"1 (Tract 4057, Alameda, CA)",94.36000082492829
060014058001,"1 (Tract 4058, Alameda, CA)",80.60000090599061
060014059011,"1 (Tract 4059.01, Alameda, CA)",139.6800028383732
060014059021,"1 (Tract 4059.02, Alameda, CA)",126.36000125408174
060014060001,"1 (Tract 4060, Alameda, CA)",27.807999503612514
060014061001,"1 (Tract 4061, Alameda, CA)",91.77600391656162
060014062011,"1 (Tract 4062.01, Alameda, CA)",69.64000117778778
060014062021,"1 (Tract 4062.02, Alameda, CA)",107.76000593900682
060014063001,"1 (Tract 4063, Alameda, CA)",28.4000025510788
060014064001,"1 (Tract 4064, Alameda, CA)",31.000000047683713
060014065001,"1 (Tract 4065, Alameda, CA)",140.72000207901004
060014066011,"1 (Tract 4066.01, Alameda, CA)",69.00000133514405
060014066021,"1 (Tract 4066.02, Alameda, CA)",30.640000735223282
060014067001,"1 (Tract 4067, Alameda, CA)",125.96000266373146
060014068001,"1 (Tract 4068, Alameda, CA)",72.55999948978423
060014069001,"1 (Tract 4069, Alameda, CA)",43.32000012397767
060014070001,"1 (Tract 4070, Alameda, CA)",74.560000371933
060014071011,"1 (Tract 4071.01, Alameda, CA)",186.56000205874443
060014071021,"1 (Tract 4071.02, Alameda, CA)",109.36000193357467
060014072001,"1 (Tract 4072, Alameda, CA)",61.16000232696534
060014073001,"1 (Tract 4073, Alameda, CA)",64.04000039100647
060014074001,"1 (Tract 4074, Alameda, CA)",106.88000642061235
060014075001,"1 (Tract 4075, Alameda, CA)",19.879999828338626
060014076001,"1 (Tract 4076, Alameda, CA)",133.80000185966486
060014077001,"1 (Tract 4077, Alameda, CA)",98.56000332236283
060014078001,"1 (Tract 4078, Alameda, CA)",60.960001945495634
060014079001,"1 (Tract 4079, Alameda, CA)",73.44000515937806
060014080001,"1 (Tract 4080, Alameda, CA)",57.00000108480455
060014081001,"1 (Tract 4081, Alameda, CA)",97.24000208377835
060014082001,"1 (Tract 4082, Alameda, CA)",133.88000221252423
060014083001,"1 (Tract 4083, Alameda, CA)",78.44000120162966
060014084001,"1 (Tract 4084, Alameda, CA)",61.9999984741211
060014085001,"1 (Tract 4085, Alameda, CA)",47.080002427101164
060014086001,"1 (Tract 4086, Alameda, CA)",57.360003089904794
060014087001,"1 (Tract 4087, Alameda, CA)",44.88000111579896
060014088001,"1 (Tract 4088, Alameda, CA)",69.24000139236452
060014089001,"1 (Tract 4089, Alameda, CA)",74.56000084877017
060014090001,"1 (Tract 4090, Alameda, CA)",188.7200019299982
060014091001,"1 (Tract 4091, Alameda, CA)",115.00799881219865
060014092001,"1 (Tract 4092, Alameda, CA)",224.80000319480877
060014093001,"1 (Tract 4093, Alameda, CA)",82.36000096797945
060014094001,"1 (Tract 4094, Alameda, CA)",73.84800331592561
060014095001,"1 (Tract 4095, Alameda, CA)",78.96000242233278
060014096001,"1 (Tract 4096, Alameda, CA)",50.120000648498554
060014097001,"1 (Tract 4097, Alameda, CA)",57.28000214099886
060014098001,"1 (Tract 4098, Alameda, CA)",79.68000040054324
060014099001,"1 (Tract 4099, Alameda, CA)",7.200000000000001
060014100001,"1 (Tract 4100, Alameda, CA)",57.72000126242635
060014101001,"1 (Tract 4101, Alameda, CA)",49.280000376701366
060014102001,"1 (Tract 4102, Alameda, CA)",185.99200072288514
060014103001,"1 (Tract 4103, Alameda, CA)",63.28000011444094
060014104001,"1 (Tract 4104, Alameda, CA)",99.68000403642657
060014105001,"1 (Tract 4105, Alameda, CA)",72.72000164985656
060014201001,"1 (Tract 4201, Alameda, CA)",123.52000026702866
060014202001,"1 (Tract 4202, Alameda, CA)",129.800000846386
060014203011,"1 (Tract 4203.01, Alameda, CA)",132.48000233173374
060014203021,"1 (Tract 4203.02, Alameda, CA)",159.2400026202202
060014204011,"1 (Tract 4204.01, Alameda, CA)",26.159999847412116
060014204021,"1 (Tract 4204.02, Alameda, CA)",34.920000076293945
060014205001,"1 (Tract 4205, Alameda, CA)",58.00000306963921
060014206001,"1 (Tract 4206, Alameda, CA)",79.88000032603742
060014211001,"1 (Tract 4211, Alameda, CA)",42.9600007891655
060014212001,"1 (Tract 4212, Alameda, CA)",46.86400008201601
060014213001,"1 (Tract 4213, Alameda, CA)",102.84000106751908
060014214001,"1 (Tract 4214, Alameda, CA)",100.04000015258784
060014215001,"1 (Tract 4215, Alameda, CA)",109.87999935150135
060014216001,"1 (Tract 4216, Alameda, CA)",69.00000249147416
060014217001,"1 (Tract 4217, Alameda, CA)",82.68000046014788
060014218001,"1 (Tract 4218, Alameda, CA)",62.32000138759614
060014219001,"1 (Tract 4219, Alameda, CA)",38.3200033068657
060014220001,"1 (Tract 4220, Alameda, CA)",182.60000030994405
060014221001,"1 (Tract 4221, Alameda, CA)",41.871998786926284
060014222001,"1 (Tract 4222, Alameda, CA)",67.57600182890894
060014223001,"1 (Tract 4223, Alameda, CA)",34.360000395774854
060014224001,"1 (Tract 4224, Alameda, CA)",35.296000975370404
060014225001,"1 (Tract 4225, Alameda, CA)",34.32000173628332
060014227001,"1 (Tract 4227, Alameda, CA)",9.120000046491624
060014228001,"1 (Tract 4228, Alameda, CA)",3.31999964118004
060014229011,"1 (Tract 4229.01, Alameda, CA)",10.079999953508377
060014229021,"1 (Tract 4229.02, Alameda, CA)",21.8399995803833
060014230001,"1 (Tract 4230, Alameda, CA)",34.12000255584718
060014231001,"1 (Tract 4231, Alameda, CA)",139.60000462532048
060014232001,"1 (Tract 4232, Alameda, CA)",69.76000003814698
060014233001,"1 (Tract 4233, Alameda, CA)",112.6799994945526
060014234001,"1 (Tract 4234, Alameda, CA)",45.24000034332278
060014235001,"1 (Tract 4235, Alameda, CA)",53.0160018324852
060014236011,"1 (Tract 4236.01, Alameda, CA)",56.20000059604647
060014236021,"1 (Tract 4236.02, Alameda, CA)",61.12799994945527
060014237001,"1 (Tract 4237, Alameda, CA)",3.159999823570246
060014238001,"1 (Tract 4238, Alameda, CA)",37.84000000953675
060014239011,"1 (Tract 4239.01, Alameda, CA)",81.2320016026497
060014239021,"1 (Tract 4239.02, Alameda, CA)",6.9920002341270475
060014240011,"1 (Tract 4240.01, Alameda, CA)",92.40000042915345
060014240021,"1 (Tract 4240.02, Alameda, CA)",232.8800008714199
060014251011,"1 (Tract 4251.01, Alameda, CA)",119.23999938964845
060014251021,"1 (Tract 4251.02, Alameda, CA)",76.77600183486942
060014251031,"1 (Tract 4251.03, Alameda, CA)",79.32000184059142
060014251041,"1 (Tract 4251.04, Alameda, CA)",66.97600238323213
060014261001,"1 (Tract 4261, Alameda, CA)",59.999999999999986
060014262001,"1 (Tract 4262, Alameda, CA)",133.11999983787527
060014301011,"1 (Tract 4301.01, Alameda, CA)",336.8000103235242
060014301021,"1 (Tract 4301.02, Alameda, CA)",487.4240055561081
060014302001,"1 (Tract 4302, Alameda, CA)",226.32000551223717
060014303001,"1 (Tract 4303, Alameda, CA)",47.480001020431445
060014304001,"1 (Tract 4304, Alameda, CA)",81.8800012588501
060014305001,"1 (Tract 4305, Alameda, CA)",357.8160059332844
060014306001,"1 (Tract 4306, Alameda, CA)",127.40799967646583
060014307001,"1 (Tract 4307, Alameda, CA)",68.12000017166137
060014308001,"1 (Tract 4308, Alameda, CA)",83.08000087738027
060014309001,"1 (Tract 4309, Alameda, CA)",237.1600017786023
060014310001,"1 (Tract 4310, Alameda, CA)",62.82400121688845
060014311001,"1 (Tract 4311, Alameda, CA)",118.39999971389759
060014312001,"1 (Tract 4312, Alameda, CA)",68.12000060081476
060014321001,"1 (Tract 4321, Alameda, CA)",231.29600284099553
060014322001,"1 (Tract 4322, Alameda, CA)",84.20000209808352
060014323001,"1 (Tract 4323, Alameda, CA)",41.520000362396246
060014324001,"1 (Tract 4324, Alameda, CA)",134.51999955177297
060014325011,"1 (Tract 4325.01, Alameda, CA)",94.57600195407866
060014325021,"1 (Tract 4325.02, Alameda, CA)",228.88000367879852
060014326011,"1 (Tract 4326.01, Alameda, CA)",81.23999980688097
060014326021,"1 (Tract 4326.02, Alameda, CA)",66.04000139236453
060014327001,"1 (Tract 4327, Alameda, CA)",19.8
060014328001,"1 (Tract 4328, Alameda, CA)",77.64000074863432
060014330001,"1 (Tract 4330, Alameda, CA)",137.03999989032735
060014331021,"1 (Tract 4331.02, Alameda, CA)",175.96800297498694
060014331031,"1 (Tract 4331.03, Alameda, CA)",180.64000422656542
060014331041,"1 (Tract 4331.04, Alameda, CA)",54.88000113368037
060014332001,"1 (Tract 4332, Alameda, CA)",561.0000041484838
060014333001,"1 (Tract 4333, Alameda, CA)",159.111999517679
060014334001,"1 (Tract 4334, Alameda, CA)",197.85600137710554
060014335001,"1 (Tract 4335, Alameda, CA)",193.32000496387462
060014336001,"1 (Tract 4336, Alameda, CA)",32.36000068187715
060014337001,"1 (Tract 4337, Alameda, CA)",151.72000321149815
060014338011,"1 (Tract 4338.01, Alameda, CA)",162.91200336217867
060014338021,"1 (Tract 4338.02, Alameda, CA)",167.92000433802608
060014339001,"1 (Tract 4339, Alameda, CA)",163.64000053405755
060014340001,"1 (Tract 4340, Alameda, CA)",218.32000458240478
060014351021,"1 (Tract 4351.02, Alameda, CA)",192.20000365972498
060014351031,"1 (Tract 4351.03, Alameda, CA)",344.64000645875956
060014351041,"1 (Tract 4351.04, Alameda, CA)",264.04000939130754
060014352001,"1 (Tract 4352, Alameda, CA)",256.9520016670224
060014353001,"1 (Tract 4353, Alameda, CA)",92.52000086307518
060014354001,"1 (Tract 4354, Alameda, CA)",188.76000165939325
060014355001,"1 (Tract 4355, Alameda, CA)",49.28000199794769
060014356011,"1 (Tract 4356.01, Alameda, CA)",161.76000022888164
060014356021,"1 (Tract 4356.02, Alameda, CA)",97.7599999427795
060014357001,"1 (Tract 4357, Alameda, CA)",143.8400020599365
060014358001,"1 (Tract 4358, Alameda, CA)",101.72000209093093
060014359001,"1 (Tract 4359, Alameda, CA)",156.9200004339216
060014360001,"1 (Tract 4360, Alameda, CA)",94.80000011920929
060014361001,"1 (Tract 4361, Alameda, CA)",84.64000110626223
060014362001,"1 (Tract 4362, Alameda, CA)",91.23999900817874
060014363011,"1 (Tract 4363.01, Alameda, CA)",173.36000294685354
060014363021,"1 (Tract 4363.02, Alameda, CA)",87.53600462675097
060014364021,"1 (Tract 4364.02, Alameda, CA)",96.00000112056716
060014364031,"1 (Tract 4364.03, Alameda, CA)",80.4000015258789
060014364041,"1 (Tract 4364.04, Alameda, CA)",138.5600001335142
060014365001,"1 (Tract 4365, Alameda, CA)",50.16000089645388
060014366011,"1 (Tract 4366.01, Alameda, CA)",71.44000205993653
060014366021,"1 (Tract 4366.02, Alameda, CA)",80.44000344276424
060014367001,"1 (Tract 4367, Alameda, CA)",199.22400228977187
060014368001,"1 (Tract 4368, Alameda, CA)",146.35199555158607
060014369001,"1 (Tract 4369, Alameda, CA)",91.56000113487245
060014370001,"1 (Tract 4370, Alameda, CA)",118.68000371456134
060014371011,"1 (Tract 4371.01, Alameda, CA)",384.9280068278326
060014371021,"1 (Tract 4371.02, Alameda, CA)",32.96000118255614
060014372001,"1 (Tract 4372, Alameda, CA)",138.19999985694866
060014373001,"1 (Tract 4373, Alameda, CA)",44.67999916076661
060014374001,"1 (Tract 4374, Alameda, CA)",60.72000112533571
060014375001,"1 (Tract 4375, Alameda, CA)",119.04000172615048
060014376001,"1 (Tract 4376, Alameda, CA)",88.44000091552735
060014377011,"1 (Tract 4377.01, Alameda, CA)",37.040000438690214
060014377021,"1 (Tract 4377.02, Alameda, CA)",119.5600004911423
060014378001,"1 (Tract 4378, Alameda, CA)",132.88000030517563
060014379001,"1 (Tract 4379, Alameda, CA)",87.60000042915345
060014380001,"1 (Tract 4380, Alameda, CA)",90.15999989509578
060014381001,"1 (Tract 4381, Alameda, CA)",237.1600024223324
060014382011,"1 (Tract 4382.01, Alameda, CA)",80.1200025558471
060014382031,"1 (Tract 4382.03, Alameda, CA)",100.1440039873122
060014382041,"1 (Tract 4382.04, Alameda, CA)",105.04000263214093
060014383001,"1 (Tract 4383, Alameda, CA)",98.48000321388241
060014384001,"1 (Tract 4384, Alameda, CA)",144.44000051021567
060014401001,"1 (Tract 4401, Alameda, CA)",152.88000099658956
060014402001,"1 (Tract 4402, Alameda, CA)",133.00000464916215
060014403011,"1 (Tract 4403.01, Alameda, CA)",105.80000138282765
060014403041,"1 (Tract 4403.04, Alameda, CA)",36.28000280857083
060014403051,"1 (Tract 4403.05, Alameda, CA)",143.0400009155271
060014403061,"1 (Tract 4403.06, Alameda, CA)",151.32000067234014
060014403071,"1 (Tract 4403.07, Alameda, CA)",164.44000296592688
060014403081,"1 (Tract 4403.08, Alameda, CA)",76.10400106906884
060014403311,"1 (Tract 4403.31, Alameda, CA)",184.29600577354415
060014403321,"1 (Tract 4403.32, Alameda, CA)",137.44000768661482
060014403331,"1 (Tract 4403.33, Alameda, CA)",113.48000302314749
060014403341,"1 (Tract 4403.34, Alameda, CA)",116.36000299453713
060014403361,"1 (Tract 4403.36, Alameda, CA)",120.55999988317481
060014403371,"1 (Tract 4403.37, Alameda, CA)",266.05600075721816
060014403381,"1 (Tract 4403.38, Alameda, CA)",157.51200164556496
060014411001,"1 (Tract 4411, Alameda, CA)",781.9200118720564
060014412001,"1 (Tract 4412, Alameda, CA)",346.0720049262043
060014413011,"1 (Tract 4413.01, Alameda, CA)",429.6960084557529
060014413021,"1 (Tract 4413.02, Alameda, CA)",207.8400036394595
060014414011,"1 (Tract 4414.01, Alameda, CA)",124.84000152349462
060014414021,"1 (Tract 4414.02, Alameda, CA)",200.15999773740745
060014415011,"1 (Tract 4415.01, Alameda, CA)",86.16000130176539
060014415031,"1 (Tract 4415.03, Alameda, CA)",0.48000068664551243
060014415211,"1 (Tract 4415.21, Alameda, CA)",143.00000282525994
060014415221,"1 (Tract 4415.22, Alameda, CA)",95.12000303268428
060014415231,"1 (Tract 4415.23, Alameda, CA)",74.92000168561934
060014415241,"1 (Tract 4415.24, Alameda, CA)",179.08000355362864
060014415251,"1 (Tract 4415.25, Alameda, CA)",48.47999947667124
060014416011,"1 (Tract 4416.01, Alameda, CA)",109.600000667572
060014416021,"1 (Tract 4416.02, Alameda, CA)",429.3440063714977
060014417011,"1 (Tract 4417.01, Alameda, CA)",368.01600697636576
060014417021,"1 (Tract 4417.02, Alameda, CA)",391.1200040549037
060014418001,"1 (Tract 4418, Alameda, CA)",308.72000266313523
060014419211,"1 (Tract 4419.21, Alameda, CA)",156.3840014696119
060014419231,"1 (Tract 4419.23, Alameda, CA)",100.84800242185591
060014419241,"1 (Tract 4419.24, Alameda, CA)",547.9200019240378
060014419261,"1 (Tract 4419.26, Alameda, CA)",164.83200173377963
060014419271,"1 (Tract 4419.27, Alameda, CA)",180.4640063285825
060014419281,"1 (Tract 4419.28, Alameda, CA)",92.60000172853455
060014419291,"1 (Tract 4419.29, Alameda, CA)",203.99200427532162
060014420001,"1 (Tract 4420, Alameda, CA)",267.72000589370725
060014421001,"1 (Tract 4421, Alameda, CA)",274.720001697541
060014422001,"1 (Tract 4422, Alameda, CA)",261.9200037956243
060014423011,"1 (Tract 4423.01, Alameda, CA)",108.19999852180467
060014423021,"1 (Tract 4423.02, Alameda, CA)",211.12000151574586
060014424001,"1 (Tract 4424, Alameda, CA)",95.77600119709959
060014425011,"1 (Tract 4425.01, Alameda, CA)",87.32000184059132
060014425021,"1 (Tract 4425.02, Alameda, CA)",99.64000072479234
060014426011,"1 (Tract 4426.01, Alameda, CA)",244.88000609278652
060014426021,"1 (Tract 4426.02, Alameda, CA)",205.44800281375643
060014427001,"1 (Tract 4427, Alameda, CA)",150.20000922679898
060014428001,"1 (Tract 4428, Alameda, CA)",221.64000056982093
060014429001,"1 (Tract 4429, Alameda, CA)",82.76000319719299
060014430011,"1 (Tract 4430.01, Alameda, CA)",163.95200231075262
060014430021,"1 (Tract 4430.02, Alameda, CA)",188.68000264167767
060014431021,"1 (Tract 4431.02, Alameda, CA)",130.24000225067118
060014431031,"1 (Tract 4431.03, Alameda, CA)",230.8799989700318
060014431041,"1 (Tract 4431.04, Alameda, CA)",113.04000179767598
060014431051,"1 (Tract 4431.05, Alameda, CA)",222.6800025463101
060014432001,"1 (Tract 4432, Alameda, CA)",148.2399982929229
060014433011,"1 (Tract 4433.01, Alameda, CA)",102.27200228869901
060014433211,"1 (Tract 4433.21, Alameda, CA)",74.27999986410146
060014433221,"1 (Tract 4433.22, Alameda, CA)",205.52000609636278
060014441001,"1 (Tract 4441, Alameda, CA)",131.59999966621376
060014442001,"1 (Tract 4442, Alameda, CA)",68.60000008344639
060014443011,"1 (Tract 4443.01, Alameda, CA)",81.96000192165363
060014443031,"1 (Tract 4443.03, Alameda, CA)",0.0
060014443041,"1 (Tract 4443.04, Alameda, CA)",229.0000013351438
060014444001,"1 (Tract 4444, Alameda, CA)",63.18400049209586
060014445001,"1 (Tract 4445, Alameda, CA)",83.56000127792345
060014446011,"1 (Tract 4446.01, Alameda, CA)",186.08000440597522
060014446021,"1 (Tract 4446.02, Alameda, CA)",273.96000299453704
060014501011,"1 (Tract 4501.01, Alameda, CA)",828.2880116462719
060014501021,"1 (Tract 4501.02, Alameda, CA)",1177.0960201680696
060014502001,"1 (Tract 4502, Alameda, CA)",832.2480080127757
060014503001,"1 (Tract 4503, Alameda, CA)",664.224007558825
060014504001,"1 (Tract 4504, Alameda, CA)",723.3280051648651
060014505011,"1 (Tract 4505.01, Alameda, CA)",391.20001013278977
060014505021,"1 (Tract 4505.02, Alameda, CA)",662.8080087900178
060014506011,"1 (Tract 4506.01, Alameda, CA)",184.88000426292407
060014506031,"1 (Tract 4506.03, Alameda, CA)",221.20000302791578
060014506041,"1 (Tract 4506.04, Alameda, CA)",341.62400673627815
060014506051,"1 (Tract 4506.05, Alameda, CA)",572.520004916192
060014506061,"1 (Tract 4506.06, Alameda, CA)",645.2880056142827
060014506071,"1 (Tract 4506.07, Alameda, CA)",578.5360030770296
060014506081,"1 (Tract 4506.08, Alameda, CA)",386.84000538587543
060014506091,"1 (Tract 4506.09, Alameda, CA)",310.82400497198086
060014507011,"1 (Tract 4507.01, Alameda, CA)",268.4800042629238
060014507411,"1 (Tract 4507.41, Alameda, CA)",521.68800650835
060014507421,"1 (Tract 4507.42, Alameda, CA)",620.5760109663013
060014507431,"1 (Tract 4507.43, Alameda, CA)",274.6240063309667
060014507441,"1 (Tract 4507.44, Alameda, CA)",224.7600034713742
060014507451,"1 (Tract 4507.45, Alameda, CA)",571.280006766321
060014507461,"1 (Tract 4507.46, Alameda, CA)",1032.9920148551514
060014507501,"1 (Tract 4507.50, Alameda, CA)",645.5840038478373
060014507511,"1 (Tract 4507.51, Alameda, CA)",2801.2080291866832
060014507521,"1 (Tract 4507.52, Alameda, CA)",2651.6880284189756
060014511021,"1 (Tract 4511.02, Alameda, CA)",205.76000307798355
060014511031,"1 (Tract 4511.03, Alameda, CA)",57.43200139999391
060014511041,"1 (Tract 4511.04, Alameda, CA)",168.59999797344184
060014512011,"1 (Tract 4512.01, Alameda, CA)",242.52001090049723
060014512021,"1 (Tract 4512.02, Alameda, CA)",450.83200278282334
060014513001,"1 (Tract 4513, Alameda, CA)",327.06400352120363
060014514011,"1 (Tract 4514.01, Alameda, CA)",94.2959985136986
060014514031,"1 (Tract 4514.03, Alameda, CA)",78.71999988555908
060014514041,"1 (Tract 4514.04, Alameda, CA)",153.56000325679756
060014515011,"1 (Tract 4515.01, Alameda, CA)",192.84000089168532
060014515031,"1 (Tract 4515.03, Alameda, CA)",352.60000458955716
060014515041,"1 (Tract 4515.04, Alameda, CA)",331.5200032711025
060014515051,"1 (Tract 4515.05, Alameda, CA)",174.48000063896163
060014515061,"1 (Tract 4515.06, Alameda, CA)",369.6000050187107
060014516011,"1 (Tract 4516.01, Alameda, CA)",138.08000204563135
060014516021,"1 (Tract 4516.02, Alameda, CA)",95.12000110149384
060014517011,"1 (Tract 4517.01, Alameda, CA)",179.52000279426562
060014517031,"1 (Tract 4517.03, Alameda, CA)",196.16000299453705
060014517041,"1 (Tract 4517.04, Alameda, CA)",151.4160025596617
060019819001,"1 (Tract 9819, Alameda, CA)",0.0
060019820001,"1 (Tract 9820, Alameda, CA)",3.6
060019821001,"1 (Tract 9821, Alameda, CA)",113.37600236535069
060019832001,"1 (Tract 9832, Alameda, CA)",13.160001346468924
060014001002,"2 (Tract 4001, Alameda, CA)",203.0400043964383
060014002002,"2 (Tract 4002, Alameda, CA)",163.44000449180595
060014003002,"2 (Tract 4003, Alameda, CA)",124.56000109314921
060014004002,"2 (Tract 4004, Alameda, CA)",143.12000639438622
060014005002,"2 (Tract 4005, Alameda, CA)",38.36000046730042
060014006002,"2 (Tract 4006, Alameda, CA)",63.84000105857848
060014007002,"2 (Tract 4007, Alameda, CA)",45.04000067710877
060014008002,"2 (Tract 4008, Alameda, CA)",131.6000024318695
060014009002,"2 (Tract 4009, Alameda, CA)",67.24000315666201
060014010002,"2 (Tract 4010, Alameda, CA)",58.68000175952912
060014011002,"2 (Tract 4011, Alameda, CA)",53.44000002145768
060014012002,"2 (Tract 4012, Alameda, CA)",66.9600000858307
060014013002,"2 (Tract 4013, Alameda, CA)",-8.399999618530273
060014014002,"2 (Tract 4014, Alameda, CA)",119.80000194311145
060014015002,"2 (Tract 4015, Alameda, CA)",29.079999494552617
060014016002,"2 (Tract 4016, Alameda, CA)",20.72000036239625
060014017002,"2 (Tract 4017, Alameda, CA)",81.68000106811525
060014018002,"2 (Tract 4018, Alameda, CA)",48.12000045776368
060014022002,"2 (Tract 4022, Alameda, CA)",36.0400000333786
060014024002,"2 (Tract 4024, Alameda, CA)",53.23999980688096
060014025002,"2 (Tract 4025, Alameda, CA)",7.20000057220459
060014027002,"2 (Tract 4027, Alameda, CA)",45.2000002503395
060014028012,"2 (Tract 4028.01, Alameda, CA)",26.999999904632567
060014028022,"2 (Tract 4028.02, Alameda, CA)",21.840001586079595
060014029002,"2 (Tract 4029, Alameda, CA)",13.799999999999997
060014030002,"2 (Tract 4030, Alameda, CA)",7.000000095367433
060014031002,"2 (Tract 4031, Alameda, CA)",30.999999904632574
060014033012,"2 (Tract 4033.01, Alameda, CA)",7.200000000000003
060014033022,"2 (Tract 4033.02, Alameda, CA)",52.36000113487242
060014034012,"2 (Tract 4034.01, Alameda, CA)",14.119999217987061
060014034022,"2 (Tract 4034.02, Alameda, CA)",6.840000271797187
060014035012,"2 (Tract 4035.01, Alameda, CA)",37.040001201629636
060014035022,"2 (Tract 4035.02, Alameda, CA)",14.559998989105225
060014036002,"2 (Tract 4036, Alameda, CA)",37.39999995231628
060014037012,"2 (Tract 4037.01, Alameda, CA)",84.04000106453891
060014037022,"2 (Tract 4037.02, Alameda, CA)",98.760001027584
060014038002,"2 (Tract 4038, Alameda, CA)",85.33600150346759
060014039002,"2 (Tract 4039, Alameda, CA)",54.84000325202943
060014040002,"2 (Tract 4040, Alameda, CA)",34.88800148963929
060014041012,"2 (Tract 4041.01, Alameda, CA)",43.12000145316124
060014041022,"2 (Tract 4041.02, Alameda, CA)",31.320000129938126
060014042002,"2 (Tract 4042, Alameda, CA)",216.80000128746
060014043002,"2 (Tract 4043, Alameda, CA)",121.31200205683704
060014044002,"2 (Tract 4044, Alameda, CA)",191.6000027701256
060014045022,"2 (Tract 4045.02, Alameda, CA)",156.64000387191746
060014046002,"2 (Tract 4046, Alameda, CA)",49.1200003147125
060014047002,"2 (Tract 4047, Alameda, CA)",101.19999969005575
060014048002,"2 (Tract 4048, Alameda, CA)",50.080001509189614
060014049002,"2 (Tract 4049, Alameda, CA)",52.320000255107885
060014050002,"2 (Tract 4050, Alameda, CA)",87.3600009441376
060014051002,"2 (Tract 4051, Alameda, CA)",34.88000030517579
060014052002,"2 (Tract 4052, Alameda, CA)",35.83999940752983
060014053012,"2 (Tract 4053.01, Alameda, CA)",94.37600163221362
060014053022,"2 (Tract 4053.02, Alameda, CA)",84.7440012574196
060014054012,"2 (Tract 4054.01, Alameda, CA)",37.760000753402714
060014054022,"2 (Tract 4054.02, Alameda, CA)",31.319997632503515
060014055002,"2 (Tract 4055, Alameda, CA)",55.72000176906586
060014056002,"2 (Tract 4056, Alameda, CA)",90.70400167703633
060014057002,"2 (Tract 4057, Alameda, CA)",79.28000234365464
060014058002,"2 (Tract 4058, Alameda, CA)",86.76000127792351
060014059012,"2 (Tract 4059.01, Alameda, CA)",18.96000099182129
060014059022,"2 (Tract 4059.02, Alameda, CA)",145.23999875783917
060014060002,"2 (Tract 4060, Alameda, CA)",39.79999940395357
060014061002,"2 (Tract 4061, Alameda, CA)",24.68000029325485
060014062012,"2 (Tract 4062.01, Alameda, CA)",9.199999809265137
060014062022,"2 (Tract 4062.02, Alameda, CA)",43.10400063991546
060014063002,"2 (Tract 4063, Alameda, CA)",90.56000042557719
060014064002,"2 (Tract 4064, Alameda, CA)",62.67999973297121
060014065002,"2 (Tract 4065, Alameda, CA)",56.67999967336655
060014066012,"2 (Tract 4066.01, Alameda, CA)",89.91199994087219
060014066022,"2 (Tract 4066.02, Alameda, CA)",60.96000068187715
060014067002,"2 (Tract 4067, Alameda, CA)",36.480001068115236
060014068002,"2 (Tract 4068, Alameda, CA)",45.00000104904176
060014069002,"2 (Tract 4069, Alameda, CA)",105.24000024795527
060014070002,"2 (Tract 4070, Alameda, CA)",79.52000215053559
060014071012,"2 (Tract 4071.01, Alameda, CA)",78.88000131845477
060014071022,"2 (Tract 4071.02, Alameda, CA)",137.38400137424466
060014072002,"2 (Tract 4072, Alameda, CA)",104.56000041961676
060014073002,"2 (Tract 4073, Alameda, CA)",84.04000034332276
060014074002,"2 (Tract 4074, Alameda, CA)",90.64000151157381
060014075002,"2 (Tract 4075, Alameda, CA)",99.96000139713283
060014076002,"2 (Tract 4076, Alameda, CA)",119.44000188112261
060014077002,"2 (Tract 4077, Alameda, CA)",89.96000170707705
060014078002,"2 (Tract 4078, Alameda, CA)",51.4000023841858
060014079002,"2 (Tract 4079, Alameda, CA)",101.12000176906588
060014080002,"2 (Tract 4080, Alameda, CA)",180.41600346565224
060014081002,"2 (Tract 4081, Alameda, CA)",202.96000137329085
060014082002,"2 (Tract 4082, Alameda, CA)",66.7600012779236
060014083002,"2 (Tract 4083, Alameda, CA)",127.32000184059136
060014084002,"2 (Tract 4084, Alameda, CA)",65.5200000524521
060014085002,"2 (Tract 4085, Alameda, CA)",77.4000011444092
060014086002,"2 (Tract 4086, Alameda, CA)",59.00000131130217
060014087002,"2 (Tract 4087, Alameda, CA)",78.96000083684923
060014088002,"2 (Tract 4088, Alameda, CA)",153.83200225830075
060014089002,"2 (Tract 4089, Alameda, CA)",148.32000164985647
060014090002,"2 (Tract 4090, Alameda, CA)",19.04000053405762
060014091002,"2 (Tract 4091, Alameda, CA)",66.72000021934512
060014092002,"2 (Tract 4092, Alameda, CA)",73.43200054168705
060014093002,"2 (Tract 4093, Alameda, CA)",119.27999925613406
060014094002,"2 (Tract 4094, Alameda, CA)",273.9920062541959
060014095002,"2 (Tract 4095, Alameda, CA)",59.36000039577485
060014096002,"2 (Tract 4096, Alameda, CA)",30.60000013113023
060014097002,"2 (Tract 4097, Alameda, CA)",64.32000157833099
060014098002,"2 (Tract 4098, Alameda, CA)",80.28000247478484
060014099002,"2 (Tract 4099, Alameda, CA)",90.48000192642215
060014100002,"2 (Tract 4100, Alameda, CA)",228.00000321865045
060014101002,"2 (Tract 4101, Alameda, CA)",122.84000067710866
060014102002,"2 (Tract 4102, Alameda, CA)",131.20000132918344
060014103002,"2 (Tract 4103, Alameda, CA)",65.760001039505
060014104002,"2 (Tract 4104, Alameda, CA)",195.8720024347303
060014105002,"2 (Tract 4105, Alameda, CA)",39.232000446319574
060014201002,"2 (Tract 4201, Alameda, CA)",149.0400023221968
060014202002,"2 (Tract 4202, Alameda, CA)",56.20000104904175
060014203022,"2 (Tract 4203.02, Alameda, CA)",61.920000934600836
060014204012,"2 (Tract 4204.01, Alameda, CA)",19.19199987053871
060014204022,"2 (Tract 4204.02, Alameda, CA)",25.720000076293942
060014205002,"2 (Tract 4205, Alameda, CA)",102.720000743866
060014206002,"2 (Tract 4206, Alameda, CA)",79.44000108242034
060014211002,"2 (Tract 4211, Alameda, CA)",123.04000087976443
060014212002,"2 (Tract 4212, Alameda, CA)",206.06400144100166
060014213002,"2 (Tract 4213, Alameda, CA)",106.20000139176844
060014214002,"2 (Tract 4214, Alameda, CA)",25.68000147342684
060014215002,"2 (Tract 4215, Alameda, CA)",63.359999740123726
060014216002,"2 (Tract 4216, Alameda, CA)",117.52000158429139
060014217002,"2 (Tract 4217, Alameda, CA)",18.640000319480897
060014218002,"2 (Tract 4218, Alameda, CA)",104.656000483036
060014219002,"2 (Tract 4219, Alameda, CA)",113.80000019967558
060014220002,"2 (Tract 4220, Alameda, CA)",-5.03199920654297
060014221002,"2 (Tract 4221, Alameda, CA)",149.35999999046328
060014222002,"2 (Tract 4222, Alameda, CA)",52.8799989938736
060014223002,"2 (Tract 4223, Alameda, CA)",93.39999971389771
060014224002,"2 (Tract 4224, Alameda, CA)",25.559999167919152
060014225002,"2 (Tract 4225, Alameda, CA)",4.440000033378601
060014227002,"2 (Tract 4227, Alameda, CA)",57.59999983906749
060014228002,"2 (Tract 4228, Alameda, CA)",-5.720000007748604
060014229012,"2 (Tract 4229.01, Alameda, CA)",-0.3599987506866462
060014229022,"2 (Tract 4229.02, Alameda, CA)",13.695999479293821
060014230002,"2 (Tract 4230, Alameda, CA)",138.90399941205982
060014231002,"2 (Tract 4231, Alameda, CA)",104.48000218868258
060014232002,"2 (Tract 4232, Alameda, CA)",14.960000240802756
060014233002,"2 (Tract 4233, Alameda, CA)",147.1200006067752
060014234002,"2 (Tract 4234, Alameda, CA)",99.71199855208403
060014235002,"2 (Tract 4235, Alameda, CA)",88.02399992346763
060014236012,"2 (Tract 4236.01, Alameda, CA)",51.88000078201294
060014236022,"2 (Tract 4236.02, Alameda, CA)",49.64000102579595
060014237002,"2 (Tract 4237, Alameda, CA)",62.144000434875494
060014238002,"2 (Tract 4238, Alameda, CA)",73.63200250267977
060014239012,"2 (Tract 4239.01, Alameda, CA)",56.67999964952469
060014239022,"2 (Tract 4239.02, Alameda, CA)",82.39999990463258
060014240012,"2 (Tract 4240.01, Alameda, CA)",61.64000016450883
060014240022,"2 (Tract 4240.02, Alameda, CA)",49.999998235702506
060014251012,"2 (Tract 4251.01, Alameda, CA)",-0.07200012207031392
060014251022,"2 (Tract 4251.02, Alameda, CA)",30.080000543594366
060014251032,"2 (Tract 4251.03, Alameda, CA)",59.36000027656556
060014251042,"2 (Tract 4251.04, Alameda, CA)",16.2800002515316
060014261002,"2 (Tract 4261, Alameda, CA)",66.23999929428103
060014262002,"2 (Tract 4262, Alameda, CA)",145.56000051498395
060014301012,"2 (Tract 4301.01, Alameda, CA)",721.6000095129041
060014302002,"2 (Tract 4302, Alameda, CA)",146.48000040054308
060014303002,"2 (Tract 4303, Alameda, CA)",63.76000115871423
060014304002,"2 (Tract 4304, Alameda, CA)",63.72000122070308
060014305002,"2 (Tract 4305, Alameda, CA)",206.72000132799138
060014306002,"2 (Tract 4306, Alameda, CA)",83.80000157356264
060014307002,"2 (Tract 4307, Alameda, CA)",140.08000135421742
060014308002,"2 (Tract 4308, Alameda, CA)",60.31999998092654
060014309002,"2 (Tract 4309, Alameda, CA)",57.60000340938572
060014310002,"2 (Tract 4310, Alameda, CA)",165.80000123977652
060014311002,"2 (Tract 4311, Alameda, CA)",153.44000070095055
060014312002,"2 (Tract 4312, Alameda, CA)",156.68000040054318
060014321002,"2 (Tract 4321, Alameda, CA)",97.6800090312958
060014322002,"2 (Tract 4322, Alameda, CA)",44.680001330375674
060014323002,"2 (Tract 4323, Alameda, CA)",31.68000035285951
060014324002,"2 (Tract 4324, Alameda, CA)",353.0800029277798
060014325012,"2 (Tract 4325.01, Alameda, CA)",138.12000370025632
060014325022,"2 (Tract 4325.02, Alameda, CA)",100.67999944686893
060014326012,"2 (Tract 4326.01, Alameda, CA)",150.78400295972824
060014326022,"2 (Tract 4326.02, Alameda, CA)",43.08000223636628
060014327002,"2 (Tract 4327, Alameda, CA)",36.320001292228696
060014328002,"2 (Tract 4328, Alameda, CA)",141.4400024950503
060014330002,"2 (Tract 4330, Alameda, CA)",144.40000371932976
060014331022,"2 (Tract 4331.02, Alameda, CA)",258.3680064857004
060014331032,"2 (Tract 4331.03, Alameda, CA)",53.71999943256381
060014331042,"2 (Tract 4331.04, Alameda, CA)",72.56000031232836
060014332002,"2 (Tract 4332, Alameda, CA)",206.60000286102294
060014333002,"2 (Tract 4333, Alameda, CA)",158.80000514984124
060014334002,"2 (Tract 4334, Alameda, CA)",155.36000127792352
060014335002,"2 (Tract 4335, Alameda, CA)",37.399999701976775
060014336002,"2 (Tract 4336, Alameda, CA)",77.84800152182576
060014337002,"2 (Tract 4337, Alameda, CA)",101.87999963760377
060014338012,"2 (Tract 4338.01, Alameda, CA)",398.04000597000083
060014338022,"2 (Tract 4338.02, Alameda, CA)",184.28000192642196
060014339002,"2 (Tract 4339, Alameda, CA)",168.2000019311905
060014340002,"2 (Tract 4340, Alameda, CA)",150.1200017988681
060014351022,"2 (Tract 4351.02, Alameda, CA)",94.0159980773926
060014351032,"2 (Tract 4351.03, Alameda, CA)",394.08000645637526
060014351042,"2 (Tract 4351.04, Alameda, CA)",43.04000301361083
060014352002,"2 (Tract 4352, Alameda, CA)",291.8800001144405
060014353002,"2 (Tract 4353, Alameda, CA)",382.12000026702844
060014354002,"2 (Tract 4354, Alameda, CA)",124.80000104904178
060014355002,"2 (Tract 4355, Alameda, CA)",154.95999968051905
060014356012,"2 (Tract 4356.01, Alameda, CA)",213.55200638771043
060014356022,"2 (Tract 4356.02, Alameda, CA)",21.320000052452084
060014357002,"2 (Tract 4357, Alameda, CA)",97.68000011444087
060014358002,"2 (Tract 4358, Alameda, CA)",125.7599987864493
060014359002,"2 (Tract 4359, Alameda, CA)",70.92000005245207
060014360002,"2 (Tract 4360, Alameda, CA)",76.20799994468688
060014361002,"2 (Tract 4361, Alameda, CA)",126.72000024318675
060014362002,"2 (Tract 4362, Alameda, CA)",137.83999927341932
060014363012,"2 (Tract 4363.01, Alameda, CA)",156.8800036013124
060014363022,"2 (Tract 4363.02, Alameda, CA)",151.44000015258788
060014364022,"2 (Tract 4364.02, Alameda, CA)",34.48000164031983
060014364032,"2 (Tract 4364.03, Alameda, CA)",58.400000476837164
060014364042,"2 (Tract 4364.04, Alameda, CA)",147.20000195503218
060014365002,"2 (Tract 4365, Alameda, CA)",132.99199627637853
060014366012,"2 (Tract 4366.01, Alameda, CA)",150.28000288009633
060014366022,"2 (Tract 4366.02, Alameda, CA)",123.88000411987306
060014367002,"2 (Tract 4367, Alameda, CA)",94.63999962806695
060014368002,"2 (Tract 4368, Alameda, CA)",77.80000061988821
060014369002,"2 (Tract 4369, Alameda, CA)",73.16000061035157
060014370002,"2 (Tract 4370, Alameda, CA)",22.920001339912417
060014371012,"2 (Tract 4371.01, Alameda, CA)",153.36000034809092
060014371022,"2 (Tract 4371.02, Alameda, CA)",149.20000491142252
060014372002,"2 (Tract 4372, Alameda, CA)",130.3040024697779
060014373002,"2 (Tract 4373, Alameda, CA)",38.80000038146973
060014374002,"2 (Tract 4374, Alameda, CA)",184.52000436782805
060014375002,"2 (Tract 4375, Alameda, CA)",59.96000223159791
060014376002,"2 (Tract 4376, Alameda, CA)",95.83999961614597
060014377012,"2 (Tract 4377.01, Alameda, CA)",101.83200030326849
060014377022,"2 (Tract 4377.02, Alameda, CA)",24.92000131607056
060014378002,"2 (Tract 4378, Alameda, CA)",201.200008010864
060014379002,"2 (Tract 4379, Alameda, CA)",86.16000165939334
060014380002,"2 (Tract 4380, Alameda, CA)",125.56000227928149
060014381002,"2 (Tract 4381, Alameda, CA)",39.60000000000001
060014382012,"2 (Tract 4382.01, Alameda, CA)",115.48000116348248
060014382032,"2 (Tract 4382.03, Alameda, CA)",125.36000242233254
060014382042,"2 (Tract 4382.04, Alameda, CA)",81.44000086784351
060014383002,"2 (Tract 4383, Alameda, CA)",154.4800005912779
060014384002,"2 (Tract 4384, Alameda, CA)",82.76000146865836
060014402002,"2 (Tract 4402, Alameda, CA)",99.88000326156606
060014403012,"2 (Tract 4403.01, Alameda, CA)",83.60000057220455
060014403042,"2 (Tract 4403.04, Alameda, CA)",100.64000062942493
060014403052,"2 (Tract 4403.05, Alameda, CA)",30.28000003099443
060014403062,"2 (Tract 4403.06, Alameda, CA)",91.76000032424912
060014403072,"2 (Tract 4403.07, Alameda, CA)",29.200002956390406
060014403082,"2 (Tract 4403.08, Alameda, CA)",106.44000086784364
060014403312,"2 (Tract 4403.31, Alameda, CA)",113.60000267028803
060014403322,"2 (Tract 4403.32, Alameda, CA)",77.16000375747672
060014403332,"2 (Tract 4403.33, Alameda, CA)",140.1280031919477
060014403342,"2 (Tract 4403.34, Alameda, CA)",163.9600010871885
060014403362,"2 (Tract 4403.36, Alameda, CA)",159.0399996757505
060014403382,"2 (Tract 4403.38, Alameda, CA)",34.16000003814699
060014411002,"2 (Tract 4411, Alameda, CA)",507.3200071424255
060014412002,"2 (Tract 4412, Alameda, CA)",48.60000038146972
060014413012,"2 (Tract 4413.01, Alameda, CA)",173.76000485420212
060014413022,"2 (Tract 4413.02, Alameda, CA)",327.16000572740984
060014414012,"2 (Tract 4414.01, Alameda, CA)",271.35200284123397
060014414022,"2 (Tract 4414.02, Alameda, CA)",164.52000253200512
060014415012,"2 (Tract 4415.01, Alameda, CA)",144.6800027847288
060014415032,"2 (Tract 4415.03, Alameda, CA)",199.44000968933085
060014415212,"2 (Tract 4415.21, Alameda, CA)",200.88000229001017
060014415222,"2 (Tract 4415.22, Alameda, CA)",153.32000083923316
060014415232,"2 (Tract 4415.23, Alameda, CA)",82.40000033378602
060014415242,"2 (Tract 4415.24, Alameda, CA)",102.28000154495228
060014415252,"2 (Tract 4415.25, Alameda, CA)",2.0799999713897677
060014416012,"2 (Tract 4416.01, Alameda, CA)",481.95200545787856
060014416022,"2 (Tract 4416.02, Alameda, CA)",547.4320049494515
060014417012,"2 (Tract 4417.01, Alameda, CA)",274.68000410795173
060014417022,"2 (Tract 4417.02, Alameda, CA)",355.1200027167793
060014418002,"2 (Tract 4418, Alameda, CA)",149.69600514471531
060014419212,"2 (Tract 4419.21, Alameda, CA)",233.97600569725006
060014419232,"2 (Tract 4419.23, Alameda, CA)",70.52000091671944
060014419242,"2 (Tract 4419.24, Alameda, CA)",491.7520059466363
060014419262,"2 (Tract 4419.26, Alameda, CA)",77.3520012825727
060014419272,"2 (Tract 4419.27, Alameda, CA)",99.66400387287132
060014419282,"2 (Tract 4419.28, Alameda, CA)",350.77600637674334
060014419292,"2 (Tract 4419.29, Alameda, CA)",56.632001399993925
060014420002,"2 (Tract 4420, Alameda, CA)",112.4960020780562
060014421002,"2 (Tract 4421, Alameda, CA)",98.16000088453279
060014422002,"2 (Tract 4422, Alameda, CA)",234.3120018303395
060014423012,"2 (Tract 4423.01, Alameda, CA)",80.08000097274785
060014423022,"2 (Tract 4423.02, Alameda, CA)",211.0640028834341
060014424002,"2 (Tract 4424, Alameda, CA)",105.60000131130204
060014425012,"2 (Tract 4425.01, Alameda, CA)",140.8400007963179
060014425022,"2 (Tract 4425.02, Alameda, CA)",154.00000047683704
060014426012,"2 (Tract 4426.01, Alameda, CA)",334.8560086607931
060014426022,"2 (Tract 4426.02, Alameda, CA)",346.35999736785914
060014427002,"2 (Tract 4427, Alameda, CA)",255.4800025939939
060014429002,"2 (Tract 4429, Alameda, CA)",127.64800037145608
060014430012,"2 (Tract 4430.01, Alameda, CA)",119.12000117301926
060014430022,"2 (Tract 4430.02, Alameda, CA)",122.12000076770772
060014431022,"2 (Tract 4431.02, Alameda, CA)",134.5200004577635
060014431032,"2 (Tract 4431.03, Alameda, CA)",140.68000137805922
060014431042,"2 (Tract 4431.04, Alameda, CA)",73.80000038146969
060014431052,"2 (Tract 4431.05, Alameda, CA)",417.9200035691283
060014432002,"2 (Tract 4432, Alameda, CA)",118.28000206947314
060014433012,"2 (Tract 4433.01, Alameda, CA)",136.0880047321318
060014433212,"2 (Tract 4433.21, Alameda, CA)",57.09599879980088
060014433222,"2 (Tract 4433.22, Alameda, CA)",141.0000001370905
060014441002,"2 (Tract 4441, Alameda, CA)",240.48800357580177
060014442002,"2 (Tract 4442, Alameda, CA)",160.5200031757352
060014443012,"2 (Tract 4443.01, Alameda, CA)",144.16000158786758
060014443042,"2 (Tract 4443.04, Alameda, CA)",375.6800053000471
060014444002,"2 (Tract 4444, Alameda, CA)",126.60000302791582
060014445002,"2 (Tract 4445, Alameda, CA)",113.6800014317034
060014446012,"2 (Tract 4446.01, Alameda, CA)",258.8800038337717
060014446022,"2 (Tract 4446.02, Alameda, CA)",181.84000303149196
060014501012,"2 (Tract 4501.01, Alameda, CA)",673.8400117516518
060014501022,"2 (Tract 4501.02, Alameda, CA)",500.120006203653
060014502002,"2 (Tract 4502, Alameda, CA)",1061.4000080108667
060014503002,"2 (Tract 4503, Alameda, CA)",330.25600388050066
060014504002,"2 (Tract 4504, Alameda, CA)",458.52000613808696
060014505012,"2 (Tract 4505.01, Alameda, CA)",374.50400071144077
060014505022,"2 (Tract 4505.02, Alameda, CA)",1004.7520143568574
060014506012,"2 (Tract 4506.01, Alameda, CA)",293.2000014185901
060014506032,"2 (Tract 4506.03, Alameda, CA)",157.76000452041606
060014506042,"2 (Tract 4506.04, Alameda, CA)",531.1600023388855
060014506052,"2 (Tract 4506.05, Alameda, CA)",293.8640009015794
060014506062,"2 (Tract 4506.06, Alameda, CA)",443.16000628173396
060014506072,"2 (Tract 4506.07, Alameda, CA)",534.0560095250602
060014506082,"2 (Tract 4506.08, Alameda, CA)",397.40000368952786
060014506092,"2 (Tract 4506.09, Alameda, CA)",279.7600125789639
060014507012,"2 (Tract 4507.01, Alameda, CA)",206.80000568628304
060014507412,"2 (Tract 4507.41, Alameda, CA)",532.000010299682
060014507422,"2 (Tract 4507.42, Alameda, CA)",598.2000098109255
060014507432,"2 (Tract 4507.43, Alameda, CA)",234.85600073337525
060014507442,"2 (Tract 4507.44, Alameda, CA)",424.3200017690667
060014507452,"2 (Tract 4507.45, Alameda, CA)",282.12000634074195
060014507462,"2 (Tract 4507.46, Alameda, CA)",186.80000194311128
060014507502,"2 (Tract 4507.50, Alameda, CA)",1281.5040147423779
060014507512,"2 (Tract 4507.51, Alameda, CA)",1250.9840233326026
060014507522,"2 (Tract 4507.52, Alameda, CA)",685.3360094785717
060014511022,"2 (Tract 4511.02, Alameda, CA)",309.0000038146969
060014511032,"2 (Tract 4511.03, Alameda, CA)",185.68000187873815
060014511042,"2 (Tract 4511.04, Alameda, CA)",366.44000144004815
060014512012,"2 (Tract 4512.01, Alameda, CA)",229.8800018787381
060014512022,"2 (Tract 4512.02, Alameda, CA)",79.92000474929809
060014513002,"2 (Tract 4513, Alameda, CA)",197.96000587940193
060014514012,"2 (Tract 4514.01, Alameda, CA)",172.6800024509428
060014514032,"2 (Tract 4514.03, Alameda, CA)",204.60000123977642
060014514042,"2 (Tract 4514.04, Alameda, CA)",207.36800084710092
060014515012,"2 (Tract 4515.01, Alameda, CA)",237.96000318527194
060014515032,"2 (Tract 4515.03, Alameda, CA)",72.04000325202944
060014515052,"2 (Tract 4515.05, Alameda, CA)",495.87200458049915
060014515062,"2 (Tract 4515.06, Alameda, CA)",131.08000206947332
060014516012,"2 (Tract 4516.01, Alameda, CA)",180.84000389575934
060014516022,"2 (Tract 4516.02, Alameda, CA)",184.53600137233724
060014517012,"2 (Tract 4517.01, Alameda, CA)",165.96000001430494
060014517032,"2 (Tract 4517.03, Alameda, CA)",308.40000143051105
060014517042,"2 (Tract 4517.04, Alameda, CA)",320.80000209808344
060019832002,"2 (Tract 9832, Alameda, CA)",17.839999961853025
060014003003,"3 (Tract 4003, Alameda, CA)",163.13600070476528
060014004003,"3 (Tract 4004, Alameda, CA)",93.56800182461743
060014005003,"3 (Tract 4005, Alameda, CA)",50.28000159263612
060014007003,"3 (Tract 4007, Alameda, CA)",39.8000006556511
060014008003,"3 (Tract 4008, Alameda, CA)",125.72000220716001
060014010003,"3 (Tract 4010, Alameda, CA)",42.04000039100647
060014011003,"3 (Tract 4011, Alameda, CA)",72.1200026750565
060014012003,"3 (Tract 4012, Alameda, CA)",26.232000517845165
060014013003,"3 (Tract 4013, Alameda, CA)",93.05600340366365
060014014003,"3 (Tract 4014, Alameda, CA)",26.0800003051758
060014015003,"3 (Tract 4015, Alameda, CA)",57.64000079631808
060014017003,"3 (Tract 4017, Alameda, CA)",71.87999891042709
060014022003,"3 (Tract 4022, Alameda, CA)",27.400000715255732
060014028013,"3 (Tract 4028.01, Alameda, CA)",31.400000762939456
060014030003,"3 (Tract 4030, Alameda, CA)",38.85600092411041
060014033023,"3 (Tract 4033.02, Alameda, CA)",23.23999974727632
060014034013,"3 (Tract 4034.01, Alameda, CA)",5.679999965429306
060014035013,"3 (Tract 4035.01, Alameda, CA)",27.52000043392181
060014036003,"3 (Tract 4036, Alameda, CA)",90.12000098228454
060014038003,"3 (Tract 4038, Alameda, CA)",34.56800168454649
060014039003,"3 (Tract 4039, Alameda, CA)",54.32000250667334
060014040003,"3 (Tract 4040, Alameda, CA)",25.240002536773687
060014041013,"3 (Tract 4041.01, Alameda, CA)",39.920000863075266
060014042003,"3 (Tract 4042, Alameda, CA)",189.92000311613077
060014043003,"3 (Tract 4043, Alameda, CA)",256.60000307559943
060014044003,"3 (Tract 4044, Alameda, CA)",194.44000029563878
060014045023,"3 (Tract 4045.02, Alameda, CA)",220.5200028419492
060014046003,"3 (Tract 4046, Alameda, CA)",124.00800017714488
060014049003,"3 (Tract 4049, Alameda, CA)",60.31200377941127
060014050003,"3 (Tract 4050, Alameda, CA)",89.64000053405766
060014051003,"3 (Tract 4051, Alameda, CA)",97.48000034093847
060014052003,"3 (Tract 4052, Alameda, CA)",33.92000003457069
060014053013,"3 (Tract 4053.01, Alameda, CA)",31.463999837636948
060014054013,"3 (Tract 4054.01, Alameda, CA)",28.359999561309817
060014055003,"3 (Tract 4055, Alameda, CA)",65.20000242590905
060014056003,"3 (Tract 4056, Alameda, CA)",64.19999923706057
060014057003,"3 (Tract 4057, Alameda, CA)",70.19999927282336
060014058003,"3 (Tract 4058, Alameda, CA)",123.72000085115435
060014059013,"3 (Tract 4059.01, Alameda, CA)",24.840001684427264
060014060003,"3 (Tract 4060, Alameda, CA)",41.960002231597905
060014061003,"3 (Tract 4061, Alameda, CA)",233.40000483691682
060014062013,"3 (Tract 4062.01, Alameda, CA)",74.60000071525575
060014062023,"3 (Tract 4062.02, Alameda, CA)",78.6800033569336
060014063003,"3 (Tract 4063, Alameda, CA)",53.48000082969666
060014065003,"3 (Tract 4065, Alameda, CA)",116.0400045514107
060014066013,"3 (Tract 4066.01, Alameda, CA)",41.64000039100649
060014067003,"3 (Tract 4067, Alameda, CA)",181.64000177383403
060014068003,"3 (Tract 4068, Alameda, CA)",145.7439994573593
060014069003,"3 (Tract 4069, Alameda, CA)",80.24800069183115
060014070003,"3 (Tract 4070, Alameda, CA)",132.40000237524507
060014071023,"3 (Tract 4071.02, Alameda, CA)",47.96000051498416
060014072003,"3 (Tract 4072, Alameda, CA)",96.2799988269806
060014074003,"3 (Tract 4074, Alameda, CA)",35.560000419616706
060014075003,"3 (Tract 4075, Alameda, CA)",53.24000282287598
060014076003,"3 (Tract 4076, Alameda, CA)",38.5200002193451
060014077003,"3 (Tract 4077, Alameda, CA)",46.040000003576296
060014079003,"3 (Tract 4079, Alameda, CA)",55.16000044345858
060014081003,"3 (Tract 4081, Alameda, CA)",95.24000053405749
060014082003,"3 (Tract 4082, Alameda, CA)",31.920001697540286
060014083003,"3 (Tract 4083, Alameda, CA)",41.80000028610231
060014084003,"3 (Tract 4084, Alameda, CA)",59.5200005054474
060014085003,"3 (Tract 4085, Alameda, CA)",61.96000032424928
060014086003,"3 (Tract 4086, Alameda, CA)",41.68000115156173
060014087003,"3 (Tract 4087, Alameda, CA)",71.23999874591829
060014088003,"3 (Tract 4088, Alameda, CA)",56.720000076293935
060014090003,"3 (Tract 4090, Alameda, CA)",257.90401234626745
060014093003,"3 (Tract 4093, Alameda, CA)",111.51999969482418
060014094003,"3 (Tract 4094, Alameda, CA)",126.92000048160554
060014095003,"3 (Tract 4095, Alameda, CA)",55.359999752044686
060014096003,"3 (Tract 4096, Alameda, CA)",56.44000000953674
060014097003,"3 (Tract 4097, Alameda, CA)",37.64000029563907
060014098003,"3 (Tract 4098, Alameda, CA)",113.54400033950797
060014099003,"3 (Tract 4099, Alameda, CA)",85.0800013422965
060014100003,"3 (Tract 4100, Alameda, CA)",0.0
060014102003,"3 (Tract 4102, Alameda, CA)",51.64000002145768
060014103003,"3 (Tract 4103, Alameda, CA)",90.16000204086308
060014104003,"3 (Tract 4104, Alameda, CA)",131.64000489711745
060014201003,"3 (Tract 4201, Alameda, CA)",90.68000050187113
060014202003,"3 (Tract 4202, Alameda, CA)",41.040000915527344
060014206003,"3 (Tract 4206, Alameda, CA)",82.95200060009954
060014212003,"3 (Tract 4212, Alameda, CA)",66.20000119209288
060014213003,"3 (Tract 4213, Alameda, CA)",69.32000155448917
060014215003,"3 (Tract 4215, Alameda, CA)",40.04800153374673
060014216003,"3 (Tract 4216, Alameda, CA)",31.0240005016327
060014217003,"3 (Tract 4217, Alameda, CA)",50.640000498294825
060014219003,"3 (Tract 4219, Alameda, CA)",41.23200036287308
060014222003,"3 (Tract 4222, Alameda, CA)",88.8240018725395
060014223003,"3 (Tract 4223, Alameda, CA)",23.68000046014786
060014224003,"3 (Tract 4224, Alameda, CA)",143.63999755382542
060014225003,"3 (Tract 4225, Alameda, CA)",14.280000162124633
060014227003,"3 (Tract 4227, Alameda, CA)",10.760002052783966
060014228003,"3 (Tract 4228, Alameda, CA)",10.200000000000005
060014229023,"3 (Tract 4229.02, Alameda, CA)",0.015996932983400214
060014230003,"3 (Tract 4230, Alameda, CA)",27.679999923706042
060014231003,"3 (Tract 4231, Alameda, CA)",48.920000022649766
060014233003,"3 (Tract 4233, Alameda, CA)",75.96000041961672
060014234003,"3 (Tract 4234, Alameda, CA)",185.4400006353855
060014235003,"3 (Tract 4235, Alameda, CA)",83.52000079154969
060014236023,"3 (Tract 4236.02, Alameda, CA)",94.64000255465511
060014237003,"3 (Tract 4237, Alameda, CA)",11.959999245405195
060014238003,"3 (Tract 4238, Alameda, CA)",141.24000042676926
060014240013,"3 (Tract 4240.01, Alameda, CA)",68.05600043535233
060014251023,"3 (Tract 4251.02, Alameda, CA)",160.1600014448165
060014251033,"3 (Tract 4251.03, Alameda, CA)",78.83999941647053
060014251043,"3 (Tract 4251.04, Alameda, CA)",14.399999999999999
060014261003,"3 (Tract 4261, Alameda, CA)",149.92000226974466
060014262003,"3 (Tract 4262, Alameda, CA)",85.75200065374375
060014301013,"3 (Tract 4301.01, Alameda, CA)",453.2800100743775
060014302003,"3 (Tract 4302, Alameda, CA)",102.80000048875804
060014303003,"3 (Tract 4303, Alameda, CA)",72.92000007629396
060014305003,"3 (Tract 4305, Alameda, CA)",120.71999806165698
060014306003,"3 (Tract 4306, Alameda, CA)",200.27200160324546
060014307003,"3 (Tract 4307, Alameda, CA)",81.08000056743624
060014308003,"3 (Tract 4308, Alameda, CA)",176.28000040054303
060014309003,"3 (Tract 4309, Alameda, CA)",46.97600288391112
060014312003,"3 (Tract 4312, Alameda, CA)",173.48800239562982
060014321003,"3 (Tract 4321, Alameda, CA)",75.91200112700461
060014322003,"3 (Tract 4322, Alameda, CA)",139.9600024700165
060014323003,"3 (Tract 4323, Alameda, CA)",257.5600028157231
060014324003,"3 (Tract 4324, Alameda, CA)",216.66400187015518
060014325013,"3 (Tract 4325.01, Alameda, CA)",166.36000102758396
060014325023,"3 (Tract 4325.02, Alameda, CA)",107.6800008416176
060014326023,"3 (Tract 4326.02, Alameda, CA)",64.16000014543533
060014327003,"3 (Tract 4327, Alameda, CA)",137.79999995231623
060014328003,"3 (Tract 4328, Alameda, CA)",86.60000288486476
060014330003,"3 (Tract 4330, Alameda, CA)",56.60000076293946
060014331043,"3 (Tract 4331.04, Alameda, CA)",120.7200046002865
060014332003,"3 (Tract 4332, Alameda, CA)",113.87999892234804
060014333003,"3 (Tract 4333, Alameda, CA)",229.92000124454475
060014334003,"3 (Tract 4334, Alameda, CA)",133.68000297546385
060014335003,"3 (Tract 4335, Alameda, CA)",130.52000248432148
060014336003,"3 (Tract 4336, Alameda, CA)",152.60000180006026
060014337003,"3 (Tract 4337, Alameda, CA)",21.60000047683716
060014339003,"3 (Tract 4339, Alameda, CA)",173.96000120639803
060014340003,"3 (Tract 4340, Alameda, CA)",146.3200031757355
060014351023,"3 (Tract 4351.02, Alameda, CA)",145.28000125884986
060014351033,"3 (Tract 4351.03, Alameda, CA)",384.3200085759169
060014351043,"3 (Tract 4351.04, Alameda, CA)",29.68000164031983
060014353003,"3 (Tract 4353, Alameda, CA)",124.67999820709223
060014354003,"3 (Tract 4354, Alameda, CA)",129.44000189304347
060014355003,"3 (Tract 4355, Alameda, CA)",154.8800045013428
060014356013,"3 (Tract 4356.01, Alameda, CA)",134.55999946594235
060014356023,"3 (Tract 4356.02, Alameda, CA)",165.2720052719115
060014357003,"3 (Tract 4357, Alameda, CA)",89.32000136375419
060014358003,"3 (Tract 4358, Alameda, CA)",116.52000036239608
060014359003,"3 (Tract 4359, Alameda, CA)",172.28000931739786
060014360003,"3 (Tract 4360, Alameda, CA)",125.80000119209278
060014361003,"3 (Tract 4361, Alameda, CA)",187.59999926090222
060014363023,"3 (Tract 4363.02, Alameda, CA)",67.60000038146975
060014364033,"3 (Tract 4364.03, Alameda, CA)",120.92000217437744
060014364043,"3 (Tract 4364.04, Alameda, CA)",89.55999894142143
060014365003,"3 (Tract 4365, Alameda, CA)",94.91200002431874
060014366013,"3 (Tract 4366.01, Alameda, CA)",186.40000434517844
060014366023,"3 (Tract 4366.02, Alameda, CA)",146.51999985873692
060014369003,"3 (Tract 4369, Alameda, CA)",32.32000176906587
060014370003,"3 (Tract 4370, Alameda, CA)",84.2000030457973
060014371013,"3 (Tract 4371.01, Alameda, CA)",126.95999975204462
060014371023,"3 (Tract 4371.02, Alameda, CA)",69.7600085258484
060014372003,"3 (Tract 4372, Alameda, CA)",119.24000167846673
060014373003,"3 (Tract 4373, Alameda, CA)",62.680001258850105
060014377013,"3 (Tract 4377.01, Alameda, CA)",43.88000009059907
060014377023,"3 (Tract 4377.02, Alameda, CA)",23.519999504089352
060014378003,"3 (Tract 4378, Alameda, CA)",101.63200168609612
060014381003,"3 (Tract 4381, Alameda, CA)",80.04000053405758
060014382013,"3 (Tract 4382.01, Alameda, CA)",79.00000114440908
060014382043,"3 (Tract 4382.04, Alameda, CA)",195.80000224113434
060014383003,"3 (Tract 4383, Alameda, CA)",57.1999999463558
060014402003,"3 (Tract 4402, Alameda, CA)",86.64000062942505
060014403013,"3 (Tract 4403.01, Alameda, CA)",107.7200048923491
060014403043,"3 (Tract 4403.04, Alameda, CA)",46.89600090682501
060014403053,"3 (Tract 4403.05, Alameda, CA)",99.36000192165358
060014403073,"3 (Tract 4403.07, Alameda, CA)",81.12000095844262
060014403083,"3 (Tract 4403.08, Alameda, CA)",110.92000179290753
060014403383,"3 (Tract 4403.38, Alameda, CA)",63.520000362396246
060014412003,"3 (Tract 4412, Alameda, CA)",700.5200116246949
060014413023,"3 (Tract 4413.02, Alameda, CA)",301.40000491440276
060014414013,"3 (Tract 4414.01, Alameda, CA)",44.12000045776368
060014414023,"3 (Tract 4414.02, Alameda, CA)",118.96000187396987
060014415013,"3 (Tract 4415.01, Alameda, CA)",161.72000069618207
060014415033,"3 (Tract 4415.03, Alameda, CA)",142.96000237464887
060014415213,"3 (Tract 4415.21, Alameda, CA)",104.52000241279595
060014415223,"3 (Tract 4415.22, Alameda, CA)",186.03999958038304
060014415233,"3 (Tract 4415.23, Alameda, CA)",85.92000155448909
060014415253,"3 (Tract 4415.25, Alameda, CA)",174.76800165176383
060014416013,"3 (Tract 4416.01, Alameda, CA)",319.576005554199
060014416023,"3 (Tract 4416.02, Alameda, CA)",364.8160013556476
060014418003,"3 (Tract 4418, Alameda, CA)",501.0080057978637
060014419233,"3 (Tract 4419.23, Alameda, CA)",88.84000077247623
060014419243,"3 (Tract 4419.24, Alameda, CA)",257.640002350509
060014421003,"3 (Tract 4421, Alameda, CA)",273.2160034894948
060014422003,"3 (Tract 4422, Alameda, CA)",175.28000221252415
060014423013,"3 (Tract 4423.01, Alameda, CA)",170.44000106155858
060014423023,"3 (Tract 4423.02, Alameda, CA)",123.36000428497783
060014424003,"3 (Tract 4424, Alameda, CA)",95.2000011444091
060014426023,"3 (Tract 4426.02, Alameda, CA)",175.82400069832795
060014427003,"3 (Tract 4427, Alameda, CA)",268.45600500106775
060014429003,"3 (Tract 4429, Alameda, CA)",147.02399972677205
060014430023,"3 (Tract 4430.02, Alameda, CA)",205.1600035428998
060014431023,"3 (Tract 4431.02, Alameda, CA)",94.87999989986403
060014431033,"3 (Tract 4431.03, Alameda, CA)",157.60000066161135
060014431043,"3 (Tract 4431.04, Alameda, CA)",108.84000444412217
060014433013,"3 (Tract 4433.01, Alameda, CA)",32.28000063896181
060014441003,"3 (Tract 4441, Alameda, CA)",133.60000419616682
060014442003,"3 (Tract 4442, Alameda, CA)",99.92000433206542
060014444003,"3 (Tract 4444, Alameda, CA)",180.08000288009626
060014445003,"3 (Tract 4445, Alameda, CA)",148.3200031399725
060014502003,"3 (Tract 4502, Alameda, CA)",412.2320082902904
060014503003,"3 (Tract 4503, Alameda, CA)",281.4000086963174
060014504003,"3 (Tract 4504, Alameda, CA)",455.8240056306119
060014506013,"3 (Tract 4506.01, Alameda, CA)",287.00000181198084
060014506033,"3 (Tract 4506.03, Alameda, CA)",50.88000016212464
060014506043,"3 (Tract 4506.04, Alameda, CA)",300.7920058608051
060014506053,"3 (Tract 4506.05, Alameda, CA)",489.3440075755128
060014506063,"3 (Tract 4506.06, Alameda, CA)",802.936009822788
060014506073,"3 (Tract 4506.07, Alameda, CA)",652.3200041115276
060014506083,"3 (Tract 4506.08, Alameda, CA)",192.76000350117675
060014506093,"3 (Tract 4506.09, Alameda, CA)",350.080002963543
060014507013,"3 (Tract 4507.01, Alameda, CA)",447.8800040364265
060014507413,"3 (Tract 4507.41, Alameda, CA)",518.8800073921684
060014507423,"3 (Tract 4507.42, Alameda, CA)",783.6000090837499
060014507433,"3 (Tract 4507.43, Alameda, CA)",62.92800254225726
060014507453,"3 (Tract 4507.45, Alameda, CA)",297.28800970911936
060014511023,"3 (Tract 4511.02, Alameda, CA)",177.52000172138202
060014511043,"3 (Tract 4511.04, Alameda, CA)",302.3040028810498
060014512013,"3 (Tract 4512.01, Alameda, CA)",162.44000005722026
060014512023,"3 (Tract 4512.02, Alameda, CA)",191.96000666618318
060014513003,"3 (Tract 4513, Alameda, CA)",199.72799890041327
060014514013,"3 (Tract 4514.01, Alameda, CA)",193.6000024199484
060014514043,"3 (Tract 4514.04, Alameda, CA)",89.56000020504
060014515013,"3 (Tract 4515.01, Alameda, CA)",325.2400025606151
060014515033,"3 (Tract 4515.03, Alameda, CA)",115.56000294685364
060014516013,"3 (Tract 4516.01, Alameda, CA)",163.44000391960125
060014516023,"3 (Tract 4516.02, Alameda, CA)",288.75200109481773
060014517013,"3 (Tract 4517.01, Alameda, CA)",72.30399712324143
060014517043,"3 (Tract 4517.04, Alameda, CA)",115.0400004148483
060014003004,"4 (Tract 4003, Alameda, CA)",131.63200083971023
060014007004,"4 (Tract 4007, Alameda, CA)",73.0800010085106
060014010004,"4 (Tract 4010, Alameda, CA)",83.64000248909
060014011004,"4 (Tract 4011, Alameda, CA)",96.52000125050549
060014035014,"4 (Tract 4035.01, Alameda, CA)",29.680000352859494
060014038004,"4 (Tract 4038, Alameda, CA)",106.80000116229061
060014044004,"4 (Tract 4044, Alameda, CA)",106.07999986410144
060014045024,"4 (Tract 4045.02, Alameda, CA)",231.42400114536252
060014046004,"4 (Tract 4046, Alameda, CA)",179.8720030963418
060014049004,"4 (Tract 4049, Alameda, CA)",48.16000218391419
060014051004,"4 (Tract 4051, Alameda, CA)",46.360000157356275
060014052004,"4 (Tract 4052, Alameda, CA)",90.55999789536001
060014055004,"4 (Tract 4055, Alameda, CA)",62.47199976444245
060014058004,"4 (Tract 4058, Alameda, CA)",19.800000000000004
060014060004,"4 (Tract 4060, Alameda, CA)",123.60000000000005
060014061004,"4 (Tract 4061, Alameda, CA)",37.544001871347426
060014062014,"4 (Tract 4062.01, Alameda, CA)",80.6400036096573
060014063004,"4 (Tract 4063, Alameda, CA)",46.23999997377395
060014065004,"4 (Tract 4065, Alameda, CA)",106.4800068855286
060014066014,"4 (Tract 4066.01, Alameda, CA)",112.32000041007993
060014067004,"4 (Tract 4067, Alameda, CA)",70.64800047874452
060014068004,"4 (Tract 4068, Alameda, CA)",63.04000129699709
060014070004,"4 (Tract 4070, Alameda, CA)",163.2400040149689
060014071024,"4 (Tract 4071.02, Alameda, CA)",35.75999959707261
060014072004,"4 (Tract 4072, Alameda, CA)",164.0800023555755
060014076004,"4 (Tract 4076, Alameda, CA)",172.760006213188
060014077004,"4 (Tract 4077, Alameda, CA)",141.24000411033617
060014081004,"4 (Tract 4081, Alameda, CA)",131.76000006198876
060014083004,"4 (Tract 4083, Alameda, CA)",19.800000000000008
060014085004,"4 (Tract 4085, Alameda, CA)",69.16000080108644
060014086004,"4 (Tract 4086, Alameda, CA)",11.159999656677247
060014087004,"4 (Tract 4087, Alameda, CA)",33.84000039100648
060014088004,"4 (Tract 4088, Alameda, CA)",142.16000094413744
060014093004,"4 (Tract 4093, Alameda, CA)",63.48000073432924
060014096004,"4 (Tract 4096, Alameda, CA)",47.280001020431534
060014097004,"4 (Tract 4097, Alameda, CA)",51.32000141143801
060014099004,"4 (Tract 4099, Alameda, CA)",60.52000064849844
060014212004,"4 (Tract 4212, Alameda, CA)",17.912000095844277
060014213004,"4 (Tract 4213, Alameda, CA)",63.560001122951526
060014216004,"4 (Tract 4216, Alameda, CA)",48.2000001192093
060014219004,"4 (Tract 4219, Alameda, CA)",53.64000108242037
060014224004,"4 (Tract 4224, Alameda, CA)",7.920003032684324
060014227004,"4 (Tract 4227, Alameda, CA)",18.159998589754103
060014228004,"4 (Tract 4228, Alameda, CA)",12.040000092983245
060014231004,"4 (Tract 4231, Alameda, CA)",127.84000148773194
060014234004,"4 (Tract 4234, Alameda, CA)",178.19999959468834
060014240014,"4 (Tract 4240.01, Alameda, CA)",14.040000122785564
060014251044,"4 (Tract 4251.04, Alameda, CA)",24.472000229358674
060014261004,"4 (Tract 4261, Alameda, CA)",67.40000050067903
060014283014,"4 (Tract 4283.01, Alameda, CA)",240.48800215721107
060014301014,"4 (Tract 4301.01, Alameda, CA)",357.04000604152657
060014302004,"4 (Tract 4302, Alameda, CA)",258.0000030159947
060014306004,"4 (Tract 4306, Alameda, CA)",71.87200186848641
060014308004,"4 (Tract 4308, Alameda, CA)",133.52000741958605
060014330004,"4 (Tract 4330, Alameda, CA)",81.44000034928324
060014332004,"4 (Tract 4332, Alameda, CA)",210.39199997484667
060014333004,"4 (Tract 4333, Alameda, CA)",195.84000387191753
060014334004,"4 (Tract 4334, Alameda, CA)",170.4400015592574
060014335004,"4 (Tract 4335, Alameda, CA)",229.44000449180567
060014336004,"4 (Tract 4336, Alameda, CA)",47.56000237464905
060014339004,"4 (Tract 4339, Alameda, CA)",299.4480060100552
060014351034,"4 (Tract 4351.03, Alameda, CA)",202.92000091075874
060014351044,"4 (Tract 4351.04, Alameda, CA)",104.15999916791915
060014356024,"4 (Tract 4356.02, Alameda, CA)",162.28000202178941
060014357004,"4 (Tract 4357, Alameda, CA)",114.81599988937364
060014358004,"4 (Tract 4358, Alameda, CA)",107.96000057458872
060014359004,"4 (Tract 4359, Alameda, CA)",49.760001182556174
060014364034,"4 (Tract 4364.03, Alameda, CA)",65.44000134468078
060014369004,"4 (Tract 4369, Alameda, CA)",130.36000030040742
060014371014,"4 (Tract 4371.01, Alameda, CA)",64.27199888229372
060014372004,"4 (Tract 4372, Alameda, CA)",263.08800170421574
060014381004,"4 (Tract 4381, Alameda, CA)",114.16000146865832
060014402004,"4 (Tract 4402, Alameda, CA)",86.91999901533117
060014403014,"4 (Tract 4403.01, Alameda, CA)",76.64000182151787
060014403084,"4 (Tract 4403.08, Alameda, CA)",45.36000254154206
060014412004,"4 (Tract 4412, Alameda, CA)",709.8080146551158
060014413024,"4 (Tract 4413.02, Alameda, CA)",274.5600008368489
060014414014,"4 (Tract 4414.01, Alameda, CA)",101.51999997496591
060014415034,"4 (Tract 4415.03, Alameda, CA)",222.8400068759919
060014415214,"4 (Tract 4415.21, Alameda, CA)",73.69600071907047
060014418004,"4 (Tract 4418, Alameda, CA)",151.3200010538099
060014419234,"4 (Tract 4419.23, Alameda, CA)",207.78400144875025
060014419244,"4 (Tract 4419.24, Alameda, CA)",96.60000060796737
060014422004,"4 (Tract 4422, Alameda, CA)",149.21599902510627
060014424004,"4 (Tract 4424, Alameda, CA)",120.24000247865905
060014429004,"4 (Tract 4429, Alameda, CA)",103.12800117135035
060014431024,"4 (Tract 4431.02, Alameda, CA)",189.04000649452183
060014431044,"4 (Tract 4431.04, Alameda, CA)",100.56000069379792
060014441004,"4 (Tract 4441, Alameda, CA)",95.40000088214869
060014445004,"4 (Tract 4445, Alameda, CA)",130.00000116825095
060014504004,"4 (Tract 4504, Alameda, CA)",358.3440052628515
060014506034,"4 (Tract 4506.03, Alameda, CA)",120.8080026626586
060014506044,"4 (Tract 4506.04, Alameda, CA)",179.00000191926944
060014507014,"4 (Tract 4507.01, Alameda, CA)",732.0720102548626
060014507434,"4 (Tract 4507.43, Alameda, CA)",367.7200025677676
060014512014,"4 (Tract 4512.01, Alameda, CA)",88.68000221252427
060014514044,"4 (Tract 4514.04, Alameda, CA)",84.52000499963754
060014515034,"4 (Tract 4515.03, Alameda, CA)",79.99999971389772
060014516024,"4 (Tract 4516.02, Alameda, CA)",182.0400027275083
060014010005,"5 (Tract 4010, Alameda, CA)",14.400000000000002
060014051005,"5 (Tract 4051, Alameda, CA)",83.00000004768364
060014067005,"5 (Tract 4067, Alameda, CA)",41.64000129699709
060014070005,"5 (Tract 4070, Alameda, CA)",26.72000002861023
060014076005,"5 (Tract 4076, Alameda, CA)",106.72000392675399
060014081005,"5 (Tract 4081, Alameda, CA)",155.64000101089454
060014083005,"5 (Tract 4083, Alameda, CA)",34.24000015258789
060014085005,"5 (Tract 4085, Alameda, CA)",73.24000358581543
060014087005,"5 (Tract 4087, Alameda, CA)",63.160000777244576
060014096005,"5 (Tract 4096, Alameda, CA)",112.560000371933
060014251045,"5 (Tract 4251.04, Alameda, CA)",21.600000000000005
060014261005,"5 (Tract 4261, Alameda, CA)",130.6400021076201
060014302005,"5 (Tract 4302, Alameda, CA)",147.20000488758072
060014333005,"5 (Tract 4333, Alameda, CA)",184.28000602722153
060014334005,"5 (Tract 4334, Alameda, CA)",68.20000193119046
060014372005,"5 (Tract 4372, Alameda, CA)",167.64000060558305
060014381005,"5 (Tract 4381, Alameda, CA)",99.60000011920914
060014412005,"5 (Tract 4412, Alameda, CA)",199.2800019264219
060014414015,"5 (Tract 4414.01, Alameda, CA)",230.56000313758818
060014419245,"5 (Tract 4419.24, Alameda, CA)",602.6400082588216
060014507015,"5 (Tract 4507.01, Alameda, CA)",1101.064012432104
060014515035,"5 (Tract 4515.03, Alameda, CA)",209.12000353336313
060014516025,"5 (Tract 4516.02, Alameda, CA)",78.7600015640259
060014010006,"6 (Tract 4010, Alameda, CA)",71.48800170123579
060014087006,"6 (Tract 4087, Alameda, CA)",69.76000014394523
060014261006,"6 (Tract 4261, Alameda, CA)",40.000001072883606
060014334006,"6 (Tract 4334, Alameda, CA)",118.36000123023985
060014381006,"6 (Tract 4381, Alameda, CA)",74.36000194549555
